{
  "id": "4",
  "name": "Residential 2",
  "directory_name": "/Users/tkwasnik/github/urbanopt-example-geojson-reopt-project/run/baseline_scenario/4",
  "feature_type": "Building",
  "timesteps_per_hour": 1,
  "simulation_status": "Complete",
  "timeseries_csv": {
    "path": "/Users/tkwasnik/github/urbanopt-example-geojson-reopt-project/run/baseline_scenario/4/010_default_feature_reports/default_feature_reports.csv",
    "first_report_datetime": "0",
    "column_names": [
      "Electricity:Facility",
      "ElectricityProduced:Facility",
      "Gas:Facility",
      "DistrictCooling:Facility",
      "DistrictHeating:Facility",
      "District Cooling Chilled Water Rate",
      "District Cooling Mass Flow Rate",
      "District Cooling Inlet Temperature",
      "District Cooling Outlet Temperature",
      "District Heating Hot Water Rate",
      "District Heating Mass Flow Rate",
      "District Heating Inlet Temperature",
      "District Heating Outlet Temperature"
    ]
  },
  "location": {
    "latitude": 42.93,
    "longitude": -78.73,
    "surface_elevation": 215.0
  },
  "program": {
    "floor_area": 31605.962517480588,
    "conditioned_area": 31605.962517480588,
    "unconditioned_area": 0.0,
    "footprint_area": 31605.962517480588,
    "maximum_roof_height": 9.0,
    "maximum_number_of_stories": 3,
    "number_of_residential_units": 1,
    "building_types": [
      {
        "building_type": "MidriseApartment",
        "floor_area": 31605.99585070527,
        "maximum_occupancy": 74.42273324764334
      }
    ],
    "window_area": {
      "north_window_area": 1131.2869847961917,
      "south_window_area": 1131.2869847961917,
      "east_window_area": 730.761878190423,
      "west_window_area": 730.761878190423,
      "total_window_area": 3724.097725973229
    },
    "wall_area": {
      "north_wall_area": 3770.8130971817495,
      "south_wall_area": 3770.8130971817495,
      "east_wall_area": 2435.980566405577,
      "west_wall_area": 2435.980566405577,
      "total_wall_area": 12413.587327174653
    },
    "roof_area": {
      "total_roof_area": 10535.331950235088
    },
    "orientation": 0.0,
    "aspect_ratio": 1.5479651805046175
  },
  "construction_costs": [

  ],
  "reporting_periods": [
    {
      "start_date": {
        "month": 1,
        "day_of_month": 1,
        "year": "2018"
      },
      "end_date": {
        "month": 12,
        "day_of_month": 31,
        "year": "2018"
      },
      "total_site_energy": 2234042.8652633014,
      "total_source_energy": 5377971.20968498,
      "net_site_energy": 2234042.8652633014,
      "net_source_energy": 5377971.20968498,
      "electricity": 1419242.3996147548,
      "natural_gas": 814800.4656485463,
      "additional_fuel": 0.0,
      "district_cooling": 0.0,
      "district_heating": 0.0,
      "water": 1754.14,
      "electricity_produced": 1419238.6083462737,
      "end_uses": {
        "electricity": {
          "heating": 0.0,
          "cooling": 115046.04206363045,
          "interior_lighting": 124069.26104901324,
          "exterior_lighting": 70318.552156045,
          "interior_equipment": 350038.3407029112,
          "exterior_equipment": 0.0,
          "fans": 432033.99978121626,
          "pumps": 976.2516339227168,
          "heat_rejection": 0.0,
          "humidification": 0.0,
          "heat_recovery": 0.0,
          "water_systems": 326750.474056813,
          "refrigeration": 0.0,
          "generators": 0.0
        },
        "natural_gas": {
          "heating": 814800.4656485463,
          "cooling": 0.0,
          "interior_lighting": 0.0,
          "exterior_lighting": 0.0,
          "interior_equipment": 0.0,
          "exterior_equipment": 0.0,
          "fans": 0.0,
          "pumps": 0.0,
          "heat_rejection": 0.0,
          "humidification": 0.0,
          "heat_recovery": 0.0,
          "water_systems": 0.0,
          "refrigeration": 0.0,
          "generators": 0.0
        },
        "additional_fuel": {
          "heating": 0.0,
          "cooling": 0.0,
          "interior_lighting": 0.0,
          "exterior_lighting": 0.0,
          "interior_equipment": 0.0,
          "exterior_equipment": 0.0,
          "fans": 0.0,
          "pumps": 0.0,
          "heat_rejection": 0.0,
          "humidification": 0.0,
          "heat_recovery": 0.0,
          "water_systems": 0.0,
          "refrigeration": 0.0,
          "generators": 0.0
        },
        "district_cooling": {
          "heating": 0.0,
          "cooling": 0.0,
          "interior_lighting": 0.0,
          "exterior_lighting": 0.0,
          "interior_equipment": 0.0,
          "exterior_equipment": 0.0,
          "fans": 0.0,
          "pumps": 0.0,
          "heat_rejection": 0.0,
          "humidification": 0.0,
          "heat_recovery": 0.0,
          "water_systems": 0.0,
          "refrigeration": 0.0,
          "generators": 0.0
        },
        "district_heating": {
          "heating": 0.0,
          "cooling": 0.0,
          "interior_lighting": 0.0,
          "exterior_lighting": 0.0,
          "interior_equipment": 0.0,
          "exterior_equipment": 0.0,
          "fans": 0.0,
          "pumps": 0.0,
          "heat_rejection": 0.0,
          "humidification": 0.0,
          "heat_recovery": 0.0,
          "water_systems": 0.0,
          "refrigeration": 0.0,
          "generators": 0.0
        },
        "water": {
          "heating": 0.0,
          "cooling": 0.0,
          "interior_lighting": 0.0,
          "exterior_lighting": 0.0,
          "interior_equipment": 0.0,
          "exterior_equipment": 0.0,
          "fans": 0.0,
          "pumps": 0.0,
          "heat_rejection": 0.0,
          "humidification": 0.0,
          "heat_recovery": 0.0,
          "water_systems": 1662603.9234264023,
          "refrigeration": 0.0,
          "generators": 0.0
        }
      },
      "energy_production": {
        "electricity_produced": {
          "photovoltaic": 0.0
        }
      },
      "utility_costs": [
        {
        }
      ],
      "comfort_result": {
        "time_setpoint_not_met_during_occupied_cooling": 0.0,
        "time_setpoint_not_met_during_occupied_heating": 0.0,
        "time_setpoint_not_met_during_occupied_hours": 0.0
      }
    }
  ],
  "distributed_generation": {
    "solar_pv": {
    },
    "wind": {
    },
    "generator": {
    },
    "storage": {
    }
  }
}
