Time,BUILDING STORY 1 THERMALZONE:BUFFALO NIAGARA INTL AP ANN HTG 99.6% CONDNS DB:Des Heat Load [W],BUILDING STORY 1 THERMALZONE:BUFFALO NIAGARA INTL AP ANN CLG .4% CONDNS DB=>MWB:Des Sens Cool Load [W],BUILDING STORY 1 THERMALZONE:BUFFALO NIAGARA INTL AP ANN HTG 99.6% CONDNS DB:Des Heat Mass Flow [kg/s],BUILDING STORY 1 THERMALZONE:BUFFALO NIAGARA INTL AP ANN CLG .4% CONDNS DB=>MWB:Des Cool Mass Flow [kg/s],BUILDING STORY 2 THERMALZONE:BUFFALO NIAGARA INTL AP ANN HTG 99.6% CONDNS DB:Des Heat Load [W],BUILDING STORY 2 THERMALZONE:BUFFALO NIAGARA INTL AP ANN CLG .4% CONDNS DB=>MWB:Des Sens Cool Load [W],BUILDING STORY 2 THERMALZONE:BUFFALO NIAGARA INTL AP ANN HTG 99.6% CONDNS DB:Des Heat Mass Flow [kg/s],BUILDING STORY 2 THERMALZONE:BUFFALO NIAGARA INTL AP ANN CLG .4% CONDNS DB=>MWB:Des Cool Mass Flow [kg/s],BUILDING STORY 3 THERMALZONE:BUFFALO NIAGARA INTL AP ANN HTG 99.6% CONDNS DB:Des Heat Load [W],BUILDING STORY 3 THERMALZONE:BUFFALO NIAGARA INTL AP ANN CLG .4% CONDNS DB=>MWB:Des Sens Cool Load [W],BUILDING STORY 3 THERMALZONE:BUFFALO NIAGARA INTL AP ANN HTG 99.6% CONDNS DB:Des Heat Mass Flow [kg/s],BUILDING STORY 3 THERMALZONE:BUFFALO NIAGARA INTL AP ANN CLG .4% CONDNS DB=>MWB:Des Cool Mass Flow [kg/s],BUILDING STORY 4 THERMALZONE:BUFFALO NIAGARA INTL AP ANN HTG 99.6% CONDNS DB:Des Heat Load [W],BUILDING STORY 4 THERMALZONE:BUFFALO NIAGARA INTL AP ANN CLG .4% CONDNS DB=>MWB:Des Sens Cool Load [W],BUILDING STORY 4 THERMALZONE:BUFFALO NIAGARA INTL AP ANN HTG 99.6% CONDNS DB:Des Heat Mass Flow [kg/s],BUILDING STORY 4 THERMALZONE:BUFFALO NIAGARA INTL AP ANN CLG .4% CONDNS DB=>MWB:Des Cool Mass Flow [kg/s],BUILDING STORY 5 THERMALZONE:BUFFALO NIAGARA INTL AP ANN HTG 99.6% CONDNS DB:Des Heat Load [W],BUILDING STORY 5 THERMALZONE:BUFFALO NIAGARA INTL AP ANN CLG .4% CONDNS DB=>MWB:Des Sens Cool Load [W],BUILDING STORY 5 THERMALZONE:BUFFALO NIAGARA INTL AP ANN HTG 99.6% CONDNS DB:Des Heat Mass Flow [kg/s],BUILDING STORY 5 THERMALZONE:BUFFALO NIAGARA INTL AP ANN CLG .4% CONDNS DB=>MWB:Des Cool Mass Flow [kg/s],BUILDING STORY 6 THERMALZONE:BUFFALO NIAGARA INTL AP ANN HTG 99.6% CONDNS DB:Des Heat Load [W],BUILDING STORY 6 THERMALZONE:BUFFALO NIAGARA INTL AP ANN CLG .4% CONDNS DB=>MWB:Des Sens Cool Load [W],BUILDING STORY 6 THERMALZONE:BUFFALO NIAGARA INTL AP ANN HTG 99.6% CONDNS DB:Des Heat Mass Flow [kg/s],BUILDING STORY 6 THERMALZONE:BUFFALO NIAGARA INTL AP ANN CLG .4% CONDNS DB=>MWB:Des Cool Mass Flow [kg/s],BUILDING STORY 7 THERMALZONE:BUFFALO NIAGARA INTL AP ANN HTG 99.6% CONDNS DB:Des Heat Load [W],BUILDING STORY 7 THERMALZONE:BUFFALO NIAGARA INTL AP ANN CLG .4% CONDNS DB=>MWB:Des Sens Cool Load [W],BUILDING STORY 7 THERMALZONE:BUFFALO NIAGARA INTL AP ANN HTG 99.6% CONDNS DB:Des Heat Mass Flow [kg/s],BUILDING STORY 7 THERMALZONE:BUFFALO NIAGARA INTL AP ANN CLG .4% CONDNS DB=>MWB:Des Cool Mass Flow [kg/s],BUILDING STORY 8 THERMALZONE:BUFFALO NIAGARA INTL AP ANN HTG 99.6% CONDNS DB:Des Heat Load [W],BUILDING STORY 8 THERMALZONE:BUFFALO NIAGARA INTL AP ANN CLG .4% CONDNS DB=>MWB:Des Sens Cool Load [W],BUILDING STORY 8 THERMALZONE:BUFFALO NIAGARA INTL AP ANN HTG 99.6% CONDNS DB:Des Heat Mass Flow [kg/s],BUILDING STORY 8 THERMALZONE:BUFFALO NIAGARA INTL AP ANN CLG .4% CONDNS DB=>MWB:Des Cool Mass Flow [kg/s]
01:00:00,1.166157E+05,1.179441E+05,3.943293E+00,1.144013E+01,9.754377E+04,8.106812E+05,5.034592E+00,4.636720E+01,1.444372E+05,7.666435E+05,4.883910E+00,7.439756E+01,1.031286E+04,2.159219E+05,4.165005E-01,1.519622E+01,5.306772E+04,2.267945E+05,2.130073E+00,1.333910E+01,1.912204E+05,3.028883E+05,9.926049E+00,1.783519E+01,1.664212E+05,7.065728E+05,8.588678E+00,6.172069E+01,8.667767E+05,9.265072E+05,4.470500E+01,8.094468E+01
02:00:00,1.166766E+05,1.169258E+05,3.945422E+00,1.134227E+01,9.757560E+04,7.256943E+05,5.036253E+00,4.166990E+01,1.445593E+05,7.661232E+05,4.888179E+00,7.437400E+01,3.047723E+04,2.167824E+05,1.225626E+00,1.525732E+01,5.909503E+04,2.303634E+05,2.371135E+00,1.355217E+01,0.000000E+00,4.371181E+05,0.000000E+00,2.602316E+01,1.665391E+05,7.059819E+05,8.595108E+00,6.169092E+01,8.676263E+05,9.188746E+05,4.475836E+01,8.030957E+01
03:00:00,1.166612E+05,1.159829E+05,3.944904E+00,1.125220E+01,9.759718E+04,7.773301E+05,5.037367E+00,4.447071E+01,1.445568E+05,7.645516E+05,4.888098E+00,7.427914E+01,4.169408E+04,2.181520E+05,1.675827E+00,1.535463E+01,6.205312E+04,2.328042E+05,2.489815E+00,1.370036E+01,0.000000E+00,5.045377E+05,0.000000E+00,2.973800E+01,1.665377E+05,7.038637E+05,8.595043E+00,6.154967E+01,8.674275E+05,9.113467E+05,4.474827E+01,7.971826E+01
04:00:00,1.166147E+05,1.150910E+05,3.943259E+00,1.116691E+01,9.761410E+04,8.055452E+05,5.038222E+00,4.615316E+01,1.445030E+05,7.627602E+05,4.886135E+00,7.413585E+01,4.593483E+04,2.185797E+05,1.846104E+00,1.538513E+01,6.442142E+04,2.349154E+05,2.584768E+00,1.382774E+01,1.331243E+04,5.265560E+05,5.363126E-01,3.102774E+01,1.664873E+05,7.016766E+05,8.592085E+00,6.138108E+01,8.668112E+05,9.037489E+05,4.470678E+01,7.908602E+01
05:00:00,1.165054E+05,1.143693E+05,3.939537E+00,1.109710E+01,9.762254E+04,8.117599E+05,5.038652E+00,4.655013E+01,1.443506E+05,7.612506E+05,4.880933E+00,7.400268E+01,4.883537E+04,2.191141E+05,1.962658E+00,1.542274E+01,6.649666E+04,2.371172E+05,2.668003E+00,1.395781E+01,3.909053E+04,5.327644E+05,1.568503E+00,3.139124E+01,1.663459E+05,6.998955E+05,8.584667E+00,6.123396E+01,8.658505E+05,8.980032E+05,4.465295E+01,7.859642E+01
06:00:00,1.166991E+05,1.225860E+05,3.946095E+00,1.189124E+01,9.766732E+04,1.175541E+06,5.040965E+00,8.245826E+01,1.446780E+05,7.661540E+05,4.892021E+00,7.438841E+01,1.620858E+05,3.026975E+05,6.831104E+00,2.259787E+01,6.878888E+04,2.472051E+05,2.759956E+00,1.454249E+01,4.652046E+04,5.481847E+05,1.866573E+00,3.226133E+01,1.666540E+05,7.106222E+05,8.600612E+00,6.210304E+01,8.677473E+05,9.113423E+05,4.475347E+01,7.966520E+01
07:00:00,1.166695E+05,1.491811E+05,3.945146E+00,1.447162E+01,9.768424E+04,1.496668E+06,5.041851E+00,1.215844E+02,1.446507E+05,7.783919E+05,4.891200E+00,7.558441E+01,2.384289E+05,4.012457E+05,1.107987E+01,3.155544E+01,7.074478E+04,2.633141E+05,2.838485E+00,1.549145E+01,5.082042E+04,5.798342E+05,2.039105E+00,3.412810E+01,1.666296E+05,7.377282E+05,8.599604E+00,6.447954E+01,8.674683E+05,9.539593E+05,4.474460E+01,8.340302E+01
08:00:00,1.166411E+05,1.694151E+05,3.944167E+00,1.643560E+01,9.770062E+04,1.462647E+06,5.042692E+00,1.260107E+02,1.446247E+05,7.930951E+05,4.890282E+00,7.703256E+01,2.817492E+05,4.808328E+05,1.418291E+01,4.030576E+01,7.258487E+04,2.798941E+05,2.912281E+00,1.646931E+01,5.405571E+04,6.085912E+05,2.168892E+00,3.582890E+01,1.666071E+05,7.617930E+05,8.598341E+00,6.659922E+01,8.671861E+05,1.014739E+06,4.472745E+01,8.874433E+01
09:00:00,1.166690E+05,1.816318E+05,3.945159E+00,1.761920E+01,9.772321E+04,1.434725E+06,5.043869E+00,1.253311E+02,1.446886E+05,8.052373E+05,4.892536E+00,7.817986E+01,2.177099E+05,4.545880E+05,1.123298E+01,3.963219E+01,2.053309E+05,5.083669E+05,8.811925E+00,3.414591E+01,2.153768E+05,8.817570E+05,9.262954E+00,5.962790E+01,1.666691E+05,7.757558E+05,8.601778E+00,6.779334E+01,8.676053E+05,1.073910E+06,4.475590E+01,9.387717E+01
10:00:00,1.166606E+05,1.856886E+05,3.944883E+00,1.801221E+01,9.774064E+04,1.432176E+06,5.044771E+00,1.252494E+02,1.446927E+05,8.146323E+05,4.892689E+00,7.908293E+01,1.995983E+05,4.433843E+05,1.030134E+01,3.871537E+01,3.662881E+05,7.133398E+05,1.825113E+01,5.941482E+01,3.379046E+05,1.089980E+06,1.680422E+01,9.102739E+01,1.666738E+05,7.813453E+05,8.602058E+00,6.827450E+01,8.675078E+05,1.123874E+06,4.475213E+01,9.823162E+01
11:00:00,1.164735E+05,1.824951E+05,3.938555E+00,1.770234E+01,9.773549E+04,1.426902E+06,5.044505E+00,1.247979E+02,1.444116E+05,8.213634E+05,4.883184E+00,7.973571E+01,1.965226E+05,4.389028E+05,1.014265E+01,3.832546E+01,2.277550E+05,5.584489E+05,1.182250E+01,4.925497E+01,2.078547E+05,8.999163E+05,1.078947E+01,7.939602E+01,1.664104E+05,7.799929E+05,8.588464E+00,6.815586E+01,8.656174E+05,1.162888E+06,4.465464E+01,1.016400E+02
12:00:00,1.165959E+05,1.748988E+05,3.942353E+00,1.696931E+01,9.776739E+04,1.414486E+06,5.046071E+00,1.238608E+02,1.446172E+05,8.219773E+05,4.889485E+00,7.986086E+01,1.947154E+05,4.294413E+05,1.004794E+01,3.750664E+01,2.415116E+05,5.619545E+05,1.253526E+01,4.957644E+01,2.242949E+05,8.887766E+05,1.164155E+01,7.844700E+01,1.665950E+05,7.721103E+05,8.596437E+00,6.751954E+01,8.663365E+05,1.184370E+06,4.466215E+01,1.036046E+02
13:00:00,1.165702E+05,1.747913E+05,3.941465E+00,1.695943E+01,9.778095E+04,1.412156E+06,5.046765E+00,1.237385E+02,1.445965E+05,8.252582E+05,4.888741E+00,8.020913E+01,1.931682E+05,4.288742E+05,9.968016E+00,3.745922E+01,2.244625E+05,5.484336E+05,1.165021E+01,4.838482E+01,2.080011E+05,8.747118E+05,1.079562E+01,7.722011E+01,1.665859E+05,7.731224E+05,8.595797E+00,6.762892E+01,8.664556E+05,1.204908E+06,4.465910E+01,1.054409E+02
14:00:00,1.165845E+05,1.814692E+05,3.941946E+00,1.760766E+01,9.779873E+04,1.418704E+06,5.047682E+00,1.243591E+02,1.446341E+05,8.341672E+05,4.890009E+00,8.108876E+01,1.917295E+05,4.359698E+05,9.893783E+00,3.807984E+01,2.213704E+05,5.517022E+05,1.149001E+01,4.867520E+01,2.057390E+05,8.783711E+05,1.067847E+01,7.755354E+01,1.666205E+05,7.819553E+05,8.597564E+00,6.841111E+01,8.665748E+05,1.221551E+06,4.466241E+01,1.069156E+02
15:00:00,1.165865E+05,1.876836E+05,3.942014E+00,1.821106E+01,9.781464E+04,1.425060E+06,5.048504E+00,1.249436E+02,1.446536E+05,8.421449E+05,4.890668E+00,8.187127E+01,1.903352E+05,4.424631E+05,9.821817E+00,3.864755E+01,2.190056E+05,5.552275E+05,1.136714E+01,4.898894E+01,2.041728E+05,8.826356E+05,1.059707E+01,7.793683E+01,1.666403E+05,7.899241E+05,8.598583E+00,6.911329E+01,8.666281E+05,1.224062E+06,4.466428E+01,1.071437E+02
16:00:00,1.165871E+05,1.911945E+05,3.942035E+00,1.855191E+01,9.782953E+04,1.428327E+06,5.049272E+00,1.252446E+02,1.446702E+05,8.466665E+05,4.891229E+00,8.231378E+01,1.890195E+05,4.454364E+05,9.753909E+00,3.890745E+01,2.168172E+05,5.554239E+05,1.125340E+01,4.900717E+01,2.027390E+05,8.831543E+05,1.052251E+01,7.798511E+01,1.666569E+05,7.939407E+05,8.599439E+00,6.946664E+01,8.666587E+05,1.209975E+06,4.466559E+01,1.059126E+02
17:00:00,1.165875E+05,1.927431E+05,3.942046E+00,1.870207E+01,9.784410E+04,1.429261E+06,5.050024E+00,1.253335E+02,1.446863E+05,8.486632E+05,4.891772E+00,8.250845E+01,1.877369E+05,4.459847E+05,9.687715E+00,3.895525E+01,2.146922E+05,5.532484E+05,1.114304E+01,4.881494E+01,2.013475E+05,8.811879E+05,1.045023E+01,7.781183E+01,1.666728E+05,7.953250E+05,8.600261E+00,6.958781E+01,8.666821E+05,1.185112E+06,4.466671E+01,1.037351E+02
18:00:00,1.165877E+05,1.880387E+05,3.942053E+00,1.824540E+01,9.785830E+04,1.422863E+06,5.050757E+00,1.247757E+02,1.447019E+05,8.435563E+05,4.892300E+00,8.201159E+01,1.864912E+05,4.396363E+05,9.623433E+00,3.840057E+01,2.126307E+05,5.442683E+05,1.103603E+01,4.802224E+01,1.999955E+05,8.719974E+05,1.038005E+01,7.700019E+01,1.666883E+05,7.894179E+05,8.601060E+00,6.907044E+01,8.667028E+05,1.147054E+06,4.466776E+01,1.004018E+02
19:00:00,1.165878E+05,1.721158E+05,3.942057E+00,1.670011E+01,9.787204E+04,1.403009E+06,5.051466E+00,1.230350E+02,1.447170E+05,8.253823E+05,4.892811E+00,8.024358E+01,1.852903E+05,4.204463E+05,9.561463E+00,3.672416E+01,2.106455E+05,5.225386E+05,1.093301E+01,4.610465E+01,1.986919E+05,8.491769E+05,1.031239E+01,7.498459E+01,1.667033E+05,7.698705E+05,8.601833E+00,6.735908E+01,8.667221E+05,1.088701E+06,4.466874E+01,9.529198E+01
20:00:00,1.165879E+05,1.450114E+05,3.942060E+00,1.406984E+01,9.788532E+04,1.368006E+06,5.052152E+00,1.199638E+02,1.447316E+05,7.935466E+05,4.893305E+00,7.714652E+01,1.841335E+05,3.881837E+05,9.501767E+00,3.390576E+01,2.087357E+05,4.878540E+05,1.083389E+01,4.304381E+01,1.974365E+05,8.125110E+05,1.024724E+01,7.174577E+01,1.667177E+05,7.366022E+05,8.602579E+00,6.444646E+01,8.667404E+05,1.026822E+06,4.466968E+01,8.987255E+01
21:00:00,1.165879E+05,1.339937E+05,3.942061E+00,1.300043E+01,9.789816E+04,1.353045E+06,5.052814E+00,1.186494E+02,1.447457E+05,7.801078E+05,4.893782E+00,7.583784E+01,1.830192E+05,3.736004E+05,9.444265E+00,3.263152E+01,2.068988E+05,4.712307E+05,1.073855E+01,4.157644E+01,1.962278E+05,7.952411E+05,1.018451E+01,7.021947E+01,1.667317E+05,7.221692E+05,8.603301E+00,6.318158E+01,8.667579E+05,9.929967E+05,4.467058E+01,8.691004E+01
22:00:00,1.167476E+05,1.300617E+05,3.947794E+00,1.261551E+01,9.793019E+04,1.344390E+06,5.054547E+00,1.175073E+02,1.450152E+05,7.741989E+05,4.903537E+00,7.513187E+01,1.821504E+05,3.678131E+05,9.400806E+00,3.211580E+01,0.000000E+00,6.525016E+04,0.000000E+00,3.839050E+00,1.952976E+05,7.865990E+05,1.013792E+01,6.938121E+01,1.669878E+05,7.155494E+05,8.618118E+00,6.250515E+01,8.685733E+05,9.698280E+05,4.480335E+01,8.473039E+01
23:00:00,1.166885E+05,1.217698E+05,3.945839E+00,1.181138E+01,9.793535E+04,1.341549E+06,5.054824E+00,1.172895E+02,1.449347E+05,7.720710E+05,4.900897E+00,7.493591E+01,0.000000E+00,1.299603E+05,0.000000E+00,9.181598E+00,9.601855E+02,1.101460E+05,3.854712E-02,6.499381E+00,1.940399E+05,7.815837E+05,1.007284E+01,6.894550E+01,1.669118E+05,7.133058E+05,8.614406E+00,6.231770E+01,8.679562E+05,9.552536E+05,4.477718E+01,8.347197E+01
24:00:00,1.166588E+05,1.199942E+05,3.944824E+00,1.163919E+01,9.794342E+04,1.342021E+06,5.055237E+00,1.173410E+02,1.448995E+05,7.711264E+05,4.899686E+00,7.484738E+01,0.000000E+00,2.243168E+05,0.000000E+00,1.578705E+01,3.372909E+04,2.186257E+05,1.354011E+00,1.285813E+01,1.928960E+05,7.772711E+05,1.001341E+01,6.856698E+01,1.668794E+05,7.118388E+05,8.612681E+00,6.219189E+01,8.676470E+05,9.425010E+05,4.475963E+01,8.236195E+01
Peak,1.167476E+05,1.927431E+05,3.947794E+00,1.870207E+01,9.794342E+04,1.496668E+06,5.055237E+00,1.215844E+02,1.450152E+05,8.486632E+05,4.903537E+00,8.250845E+01,2.817492E+05,4.808328E+05,1.418291E+01,4.030576E+01,3.662881E+05,7.133398E+05,1.825113E+01,5.941482E+01,3.379046E+05,1.089980E+06,1.680422E+01,9.102739E+01,1.669878E+05,7.953250E+05,8.618118E+00,6.958781E+01,8.685733E+05,1.224062E+06,4.480335E+01,1.071437E+02

Peak Vol Flow (m3/s),,,3.362900E+00,1.593123E+01,,,4.306268E+00,1.035708E+02,,,4.177044E+00,7.028424E+01,,,1.208161E+01,3.433418E+01,,,1.554709E+01,5.061210E+01,,,1.431455E+01,7.754104E+01,,,7.341283E+00,5.927789E+01,,,3.816542E+01,9.126957E+01
