{
  "id": "13",
  "name": "Hotel 1",
  "directory_name": "/Users/tkwasnik/github/urbanopt-example-geojson-reopt-project/run/baseline_scenario/13",
  "feature_type": "Building",
  "timesteps_per_hour": 1,
  "simulation_status": "Complete",
  "timeseries_csv": {
    "path": "/Users/tkwasnik/github/urbanopt-example-geojson-reopt-project/run/baseline_scenario/13/010_default_feature_reports/default_feature_reports.csv",
    "first_report_datetime": "0",
    "column_names": [
      "Electricity:Facility",
      "ElectricityProduced:Facility",
      "Gas:Facility",
      "DistrictCooling:Facility",
      "DistrictHeating:Facility",
      "District Cooling Chilled Water Rate",
      "District Cooling Mass Flow Rate",
      "District Cooling Inlet Temperature",
      "District Cooling Outlet Temperature",
      "District Heating Hot Water Rate",
      "District Heating Mass Flow Rate",
      "District Heating Inlet Temperature",
      "District Heating Outlet Temperature"
    ]
  },
  "location": {
    "latitude": 42.93,
    "longitude": -78.73,
    "surface_elevation": 215.0
  },
  "program": {
    "floor_area": 315994.1805994723,
    "conditioned_area": 315994.1805994723,
    "unconditioned_area": 0.0,
    "footprint_area": 315994.1805994723,
    "maximum_roof_height": 30.0,
    "maximum_number_of_stories": 10,
    "number_of_residential_units": 1,
    "building_types": [
      {
        "building_type": "LargeHotel",
        "floor_area": 315994.2032268507,
        "maximum_occupancy": 3984.1996684116302
      }
    ],
    "window_area": {
      "north_window_area": 4885.523659936209,
      "south_window_area": 4885.523659936209,
      "east_window_area": 5639.212667314223,
      "west_window_area": 5639.32030641839,
      "total_window_area": 21049.580293605028
    },
    "wall_area": {
      "north_wall_area": 16285.04298675264,
      "south_wall_area": 16285.150625856808,
      "east_wall_area": 18797.55495622102,
      "west_wall_area": 18797.55495622102,
      "total_wall_area": 70165.3035250515
    },
    "roof_area": {
      "total_roof_area": 63198.84064537013
    },
    "orientation": 0.0,
    "aspect_ratio": 0.8663383628711313
  },
  "construction_costs": [

  ],
  "reporting_periods": [
    {
      "start_date": {
        "month": 1,
        "day_of_month": 1,
        "year": "2018"
      },
      "end_date": {
        "month": 12,
        "day_of_month": 31,
        "year": "2018"
      },
      "total_site_energy": 42454283.2389108,
      "total_source_energy": 87169006.04988562,
      "net_site_energy": 42454283.2389108,
      "net_source_energy": 87169006.04988562,
      "electricity": 19754470.768768582,
      "natural_gas": 22699812.47014221,
      "additional_fuel": 0.0,
      "district_cooling": 0.0,
      "district_heating": 0.0,
      "water": 23426.94,
      "electricity_produced": 19754471.716585703,
      "end_uses": {
        "electricity": {
          "heating": 0.0,
          "cooling": 3589677.2579338294,
          "interior_lighting": 3613751.812789788,
          "exterior_lighting": 581988.1463859862,
          "interior_equipment": 4424931.617038737,
          "exterior_equipment": 0.0,
          "fans": 4233311.429824994,
          "pumps": 667936.2028559978,
          "heat_rejection": 164019.75267021955,
          "humidification": 0.0,
          "heat_recovery": 274895.3994044714,
          "water_systems": 2203959.1498645567,
          "refrigeration": 0.0,
          "generators": 0.0
        },
        "natural_gas": {
          "heating": 14975482.066436805,
          "cooling": 0.0,
          "interior_lighting": 0.0,
          "exterior_lighting": 0.0,
          "interior_equipment": 5320704.09927565,
          "exterior_equipment": 0.0,
          "fans": 0.0,
          "pumps": 0.0,
          "heat_rejection": 0.0,
          "humidification": 0.0,
          "heat_recovery": 0.0,
          "water_systems": 2403616.826258557,
          "refrigeration": 0.0,
          "generators": 0.0
        },
        "additional_fuel": {
          "heating": 0.0,
          "cooling": 0.0,
          "interior_lighting": 0.0,
          "exterior_lighting": 0.0,
          "interior_equipment": 0.0,
          "exterior_equipment": 0.0,
          "fans": 0.0,
          "pumps": 0.0,
          "heat_rejection": 0.0,
          "humidification": 0.0,
          "heat_recovery": 0.0,
          "water_systems": 0.0,
          "refrigeration": 0.0,
          "generators": 0.0
        },
        "district_cooling": {
          "heating": 0.0,
          "cooling": 0.0,
          "interior_lighting": 0.0,
          "exterior_lighting": 0.0,
          "interior_equipment": 0.0,
          "exterior_equipment": 0.0,
          "fans": 0.0,
          "pumps": 0.0,
          "heat_rejection": 0.0,
          "humidification": 0.0,
          "heat_recovery": 0.0,
          "water_systems": 0.0,
          "refrigeration": 0.0,
          "generators": 0.0
        },
        "district_heating": {
          "heating": 0.0,
          "cooling": 0.0,
          "interior_lighting": 0.0,
          "exterior_lighting": 0.0,
          "interior_equipment": 0.0,
          "exterior_equipment": 0.0,
          "fans": 0.0,
          "pumps": 0.0,
          "heat_rejection": 0.0,
          "humidification": 0.0,
          "heat_recovery": 0.0,
          "water_systems": 0.0,
          "refrigeration": 0.0,
          "generators": 0.0
        },
        "water": {
          "heating": 0.0,
          "cooling": 0.0,
          "interior_lighting": 0.0,
          "exterior_lighting": 0.0,
          "interior_equipment": 0.0,
          "exterior_equipment": 0.0,
          "fans": 0.0,
          "pumps": 0.0,
          "heat_rejection": 7893439.934311712,
          "humidification": 0.0,
          "heat_recovery": 0.0,
          "water_systems": 14311005.396069948,
          "refrigeration": 0.0,
          "generators": 0.0
        }
      },
      "energy_production": {
        "electricity_produced": {
          "photovoltaic": 0.0
        }
      },
      "utility_costs": [
        {
        }
      ],
      "comfort_result": {
        "time_setpoint_not_met_during_occupied_cooling": 17.0,
        "time_setpoint_not_met_during_occupied_heating": 576.0,
        "time_setpoint_not_met_during_occupied_hours": 593.0
      }
    }
  ],
  "distributed_generation": {
    "solar_pv": {
    },
    "wind": {
    },
    "generator": {
    },
    "storage": {
    }
  }
}
