{
  "id": "5",
  "name": "Residential 4 ",
  "directory_name": "/Users/tkwasnik/github/urbanopt-example-geojson-reopt-project/run/baseline_scenario/5",
  "feature_type": "Building",
  "timesteps_per_hour": 1,
  "simulation_status": "Complete",
  "timeseries_csv": {
    "path": "/Users/tkwasnik/github/urbanopt-example-geojson-reopt-project/run/baseline_scenario/5/010_default_feature_reports/default_feature_reports.csv",
    "first_report_datetime": "0",
    "column_names": [
      "Electricity:Facility",
      "ElectricityProduced:Facility",
      "Gas:Facility",
      "DistrictCooling:Facility",
      "DistrictHeating:Facility",
      "District Cooling Chilled Water Rate",
      "District Cooling Mass Flow Rate",
      "District Cooling Inlet Temperature",
      "District Cooling Outlet Temperature",
      "District Heating Hot Water Rate",
      "District Heating Mass Flow Rate",
      "District Heating Inlet Temperature",
      "District Heating Outlet Temperature"
    ]
  },
  "location": {
    "latitude": 42.93,
    "longitude": -78.73,
    "surface_elevation": 215.0
  },
  "program": {
    "floor_area": 8799.819682972699,
    "conditioned_area": 8799.819682972699,
    "unconditioned_area": 0.0,
    "footprint_area": 8799.819682972699,
    "maximum_roof_height": 3.0,
    "maximum_number_of_stories": 1,
    "number_of_residential_units": 1,
    "building_types": [
      {
        "building_type": "MidriseApartment",
        "floor_area": 8799.834574439663,
        "maximum_occupancy": 20.720996871936826
      }
    ],
    "window_area": {
      "north_window_area": 329.26801964715037,
      "south_window_area": 329.26801964715037,
      "east_window_area": 233.03866052176545,
      "west_window_area": 233.03866052176545,
      "total_window_area": 1124.6133603378316
    },
    "wall_area": {
      "north_wall_area": 1097.5959451918902,
      "south_wall_area": 1097.5959451918902,
      "east_wall_area": 776.7237756697735,
      "west_wall_area": 776.7237756697735,
      "total_wall_area": 3748.6394417233278
    },
    "roof_area": {
      "total_roof_area": 8799.834574439665
    },
    "orientation": 0.0,
    "aspect_ratio": 1.413109756097561
  },
  "construction_costs": [

  ],
  "reporting_periods": [
    {
      "start_date": {
        "month": 1,
        "day_of_month": 1,
        "year": "2018"
      },
      "end_date": {
        "month": 12,
        "day_of_month": 31,
        "year": "2018"
      },
      "total_site_energy": 575192.2976333398,
      "total_source_energy": 1338478.9027928573,
      "net_site_energy": 575192.2976333398,
      "net_source_energy": 1338478.9027928573,
      "electricity": 343242.4919502647,
      "natural_gas": 231949.805683075,
      "additional_fuel": 0.0,
      "district_cooling": 0.0,
      "district_heating": 0.0,
      "water": 483.9,
      "electricity_produced": 343240.5963160241,
      "end_uses": {
        "electricity": {
          "heating": 0.0,
          "cooling": 17913.743573921696,
          "interior_lighting": 34547.93403542041,
          "exterior_lighting": 27240.26403780474,
          "interior_equipment": 95966.48343172338,
          "exterior_equipment": 0.0,
          "fans": 75408.33009212752,
          "pumps": 341.21416331279426,
          "heat_rejection": 0.0,
          "humidification": 0.0,
          "heat_recovery": 0.0,
          "water_systems": 91824.52261595418,
          "refrigeration": 0.0,
          "generators": 0.0
        },
        "natural_gas": {
          "heating": 231949.805683075,
          "cooling": 0.0,
          "interior_lighting": 0.0,
          "exterior_lighting": 0.0,
          "interior_equipment": 0.0,
          "exterior_equipment": 0.0,
          "fans": 0.0,
          "pumps": 0.0,
          "heat_rejection": 0.0,
          "humidification": 0.0,
          "heat_recovery": 0.0,
          "water_systems": 0.0,
          "refrigeration": 0.0,
          "generators": 0.0
        },
        "additional_fuel": {
          "heating": 0.0,
          "cooling": 0.0,
          "interior_lighting": 0.0,
          "exterior_lighting": 0.0,
          "interior_equipment": 0.0,
          "exterior_equipment": 0.0,
          "fans": 0.0,
          "pumps": 0.0,
          "heat_rejection": 0.0,
          "humidification": 0.0,
          "heat_recovery": 0.0,
          "water_systems": 0.0,
          "refrigeration": 0.0,
          "generators": 0.0
        },
        "district_cooling": {
          "heating": 0.0,
          "cooling": 0.0,
          "interior_lighting": 0.0,
          "exterior_lighting": 0.0,
          "interior_equipment": 0.0,
          "exterior_equipment": 0.0,
          "fans": 0.0,
          "pumps": 0.0,
          "heat_rejection": 0.0,
          "humidification": 0.0,
          "heat_recovery": 0.0,
          "water_systems": 0.0,
          "refrigeration": 0.0,
          "generators": 0.0
        },
        "district_heating": {
          "heating": 0.0,
          "cooling": 0.0,
          "interior_lighting": 0.0,
          "exterior_lighting": 0.0,
          "interior_equipment": 0.0,
          "exterior_equipment": 0.0,
          "fans": 0.0,
          "pumps": 0.0,
          "heat_rejection": 0.0,
          "humidification": 0.0,
          "heat_recovery": 0.0,
          "water_systems": 0.0,
          "refrigeration": 0.0,
          "generators": 0.0
        },
        "water": {
          "heating": 0.0,
          "cooling": 0.0,
          "interior_lighting": 0.0,
          "exterior_lighting": 0.0,
          "interior_equipment": 0.0,
          "exterior_equipment": 0.0,
          "fans": 0.0,
          "pumps": 0.0,
          "heat_rejection": 0.0,
          "humidification": 0.0,
          "heat_recovery": 0.0,
          "water_systems": 458648.7045196142,
          "refrigeration": 0.0,
          "generators": 0.0
        }
      },
      "energy_production": {
        "electricity_produced": {
          "photovoltaic": 0.0
        }
      },
      "utility_costs": [
        {
        }
      ],
      "comfort_result": {
        "time_setpoint_not_met_during_occupied_cooling": 1.0,
        "time_setpoint_not_met_during_occupied_heating": 0.0,
        "time_setpoint_not_met_during_occupied_hours": 1.0
      }
    }
  ],
  "distributed_generation": {
    "solar_pv": {
    },
    "wind": {
    },
    "generator": {
    },
    "storage": {
    }
  }
}
