{
  "id": "8",
  "name": "Hospital 1",
  "directory_name": "/Users/tkwasnik/github/urbanopt-example-geojson-reopt-project/run/baseline_scenario/8",
  "feature_type": "Building",
  "timesteps_per_hour": 1,
  "simulation_status": "Complete",
  "timeseries_csv": {
    "path": "/Users/tkwasnik/github/urbanopt-example-geojson-reopt-project/run/baseline_scenario/8/010_default_feature_reports/default_feature_reports.csv",
    "first_report_datetime": "0",
    "column_names": [
      "Electricity:Facility",
      "ElectricityProduced:Facility",
      "Gas:Facility",
      "DistrictCooling:Facility",
      "DistrictHeating:Facility",
      "District Cooling Chilled Water Rate",
      "District Cooling Mass Flow Rate",
      "District Cooling Inlet Temperature",
      "District Cooling Outlet Temperature",
      "District Heating Hot Water Rate",
      "District Heating Mass Flow Rate",
      "District Heating Inlet Temperature",
      "District Heating Outlet Temperature"
    ]
  },
  "location": {
    "latitude": 42.93,
    "longitude": -78.73,
    "surface_elevation": 215.0
  },
  "program": {
    "floor_area": 402984.0143013619,
    "conditioned_area": 402984.0143013619,
    "unconditioned_area": 0.0,
    "footprint_area": 402984.0143013619,
    "maximum_roof_height": 30.0,
    "maximum_number_of_stories": 10,
    "number_of_residential_units": 1,
    "building_types": [
      {
        "building_type": "Outpatient",
        "floor_area": 402984.01012204186,
        "maximum_occupancy": 4499.705386659027
      }
    ],
    "window_area": {
      "north_window_area": 6426.269796984038,
      "south_window_area": 6320.030001171113,
      "east_window_area": 7096.000303111718,
      "west_window_area": 7096.107942215885,
      "total_window_area": 26938.408043482752
    },
    "wall_area": {
      "north_wall_area": 21421.042842085684,
      "south_wall_area": 21066.80255027177,
      "east_wall_area": 23653.262584302945,
      "west_wall_area": 23653.800779823785,
      "total_wall_area": 89794.90875648419
    },
    "roof_area": {
      "total_roof_area": 40298.401012204195
    },
    "orientation": 0.0,
    "aspect_ratio": 0.9056274061871433
  },
  "construction_costs": [

  ],
  "reporting_periods": [
    {
      "start_date": {
        "month": 1,
        "day_of_month": 1,
        "year": "2018"
      },
      "end_date": {
        "month": 12,
        "day_of_month": 31,
        "year": "2018"
      },
      "total_site_energy": 42506782.82920495,
      "total_source_energy": 106731468.02642113,
      "net_site_energy": 42506782.82920495,
      "net_source_energy": 106731468.02642113,
      "electricity": 29118629.050499264,
      "natural_gas": 13388153.778705684,
      "additional_fuel": 0.0,
      "district_cooling": 0.0,
      "district_heating": 0.0,
      "water": 20702.78,
      "electricity_produced": 29118630.9461335,
      "end_uses": {
        "electricity": {
          "heating": 0.0,
          "cooling": 5181706.718581703,
          "interior_lighting": 5930747.632422911,
          "exterior_lighting": 1873559.5798945376,
          "interior_equipment": 11985488.70052521,
          "exterior_equipment": 0.0,
          "fans": 2538074.162946204,
          "pumps": 1320252.3795692322,
          "heat_rejection": 288799.8765594678,
          "humidification": 0.0,
          "heat_recovery": 0.0,
          "water_systems": 0.0,
          "refrigeration": 0.0,
          "generators": 0.0
        },
        "natural_gas": {
          "heating": 10122544.672378182,
          "cooling": 0.0,
          "interior_lighting": 0.0,
          "exterior_lighting": 0.0,
          "interior_equipment": 1943423.179832832,
          "exterior_equipment": 0.0,
          "fans": 0.0,
          "pumps": 0.0,
          "heat_rejection": 0.0,
          "humidification": 0.0,
          "heat_recovery": 0.0,
          "water_systems": 1322185.9264946713,
          "refrigeration": 0.0,
          "generators": 0.0
        },
        "additional_fuel": {
          "heating": 0.0,
          "cooling": 0.0,
          "interior_lighting": 0.0,
          "exterior_lighting": 0.0,
          "interior_equipment": 0.0,
          "exterior_equipment": 0.0,
          "fans": 0.0,
          "pumps": 0.0,
          "heat_rejection": 0.0,
          "humidification": 0.0,
          "heat_recovery": 0.0,
          "water_systems": 0.0,
          "refrigeration": 0.0,
          "generators": 0.0
        },
        "district_cooling": {
          "heating": 0.0,
          "cooling": 0.0,
          "interior_lighting": 0.0,
          "exterior_lighting": 0.0,
          "interior_equipment": 0.0,
          "exterior_equipment": 0.0,
          "fans": 0.0,
          "pumps": 0.0,
          "heat_rejection": 0.0,
          "humidification": 0.0,
          "heat_recovery": 0.0,
          "water_systems": 0.0,
          "refrigeration": 0.0,
          "generators": 0.0
        },
        "district_heating": {
          "heating": 0.0,
          "cooling": 0.0,
          "interior_lighting": 0.0,
          "exterior_lighting": 0.0,
          "interior_equipment": 0.0,
          "exterior_equipment": 0.0,
          "fans": 0.0,
          "pumps": 0.0,
          "heat_rejection": 0.0,
          "humidification": 0.0,
          "heat_recovery": 0.0,
          "water_systems": 0.0,
          "refrigeration": 0.0,
          "generators": 0.0
        },
        "water": {
          "heating": 0.0,
          "cooling": 0.0,
          "interior_lighting": 0.0,
          "exterior_lighting": 0.0,
          "interior_equipment": 0.0,
          "exterior_equipment": 0.0,
          "fans": 0.0,
          "pumps": 0.0,
          "heat_rejection": 14584147.33380184,
          "humidification": 0.0,
          "heat_recovery": 0.0,
          "water_systems": 5038292.5101070935,
          "refrigeration": 0.0,
          "generators": 0.0
        }
      },
      "energy_production": {
        "electricity_produced": {
          "photovoltaic": 0.0
        }
      },
      "utility_costs": [
        {
        }
      ],
      "comfort_result": {
        "time_setpoint_not_met_during_occupied_cooling": 1335.0,
        "time_setpoint_not_met_during_occupied_heating": 1810.0,
        "time_setpoint_not_met_during_occupied_hours": 3145.0
      }
    }
  ],
  "distributed_generation": {
    "solar_pv": {
    },
    "wind": {
    },
    "generator": {
    },
    "storage": {
    }
  }
}
