{
  "id": "7",
  "name": "Office 1",
  "directory_name": "/Users/tkwasnik/github/urbanopt-example-geojson-reopt-project/run/baseline_scenario/7",
  "feature_type": "Building",
  "timesteps_per_hour": 1,
  "simulation_status": "Complete",
  "timeseries_csv": {
    "path": "/Users/tkwasnik/github/urbanopt-example-geojson-reopt-project/run/baseline_scenario/7/010_default_feature_reports/default_feature_reports.csv",
    "first_report_datetime": "0",
    "column_names": [
      "Electricity:Facility",
      "ElectricityProduced:Facility",
      "Gas:Facility",
      "DistrictCooling:Facility",
      "DistrictHeating:Facility",
      "District Cooling Chilled Water Rate",
      "District Cooling Mass Flow Rate",
      "District Cooling Inlet Temperature",
      "District Cooling Outlet Temperature",
      "District Heating Hot Water Rate",
      "District Heating Mass Flow Rate",
      "District Heating Inlet Temperature",
      "District Heating Outlet Temperature"
    ]
  },
  "location": {
    "latitude": 42.93,
    "longitude": -78.73,
    "surface_elevation": 215.0
  },
  "program": {
    "floor_area": 325536.71010119794,
    "conditioned_area": 325536.71010119794,
    "unconditioned_area": 0.0,
    "footprint_area": 325536.71010119794,
    "maximum_roof_height": 18.0,
    "maximum_number_of_stories": 6,
    "number_of_residential_units": 1,
    "building_types": [
      {
        "building_type": "Office",
        "floor_area": 325536.6580892395,
        "maximum_occupancy": 1627.6832904461967
      }
    ],
    "window_area": {
      "north_window_area": 6022.40787814909,
      "south_window_area": 6022.40787814909,
      "east_window_area": 2827.6792664696436,
      "west_window_area": 2827.6792664696436,
      "total_window_area": 17700.174289237468
    },
    "wall_area": {
      "north_wall_area": 20074.692927163633,
      "south_wall_area": 20074.908205371965,
      "east_wall_area": 9425.633434600202,
      "west_wall_area": 9425.741073704368,
      "total_wall_area": 59000.975640840166
    },
    "roof_area": {
      "total_roof_area": 54256.10968153991
    },
    "orientation": 0.0,
    "aspect_ratio": 2.1297977548619915
  },
  "construction_costs": [

  ],
  "reporting_periods": [
    {
      "start_date": {
        "month": 1,
        "day_of_month": 1,
        "year": "2018"
      },
      "end_date": {
        "month": 12,
        "day_of_month": 31,
        "year": "2018"
      },
      "total_site_energy": 13982814.239990259,
      "total_source_energy": 35529171.18739598,
      "net_site_energy": 13982814.239990259,
      "net_source_energy": 35529171.18739598,
      "electricity": 9780031.999610558,
      "natural_gas": 4202791.718550906,
      "additional_fuel": 0.0,
      "district_cooling": 0.0,
      "district_heating": 0.0,
      "water": 6195.78,
      "electricity_produced": 9780028.208342077,
      "end_uses": {
        "electricity": {
          "heating": 0.0,
          "cooling": 1372704.5790073713,
          "interior_lighting": 3275125.190215449,
          "exterior_lighting": 527005.2752366107,
          "interior_equipment": 3859634.5301414686,
          "exterior_equipment": 0.0,
          "fans": 215467.2659608264,
          "pumps": 455947.4257267213,
          "heat_rejection": 74138.25515090769,
          "humidification": 0.0,
          "heat_recovery": 0.0,
          "water_systems": 0.0,
          "refrigeration": 0.0,
          "generators": 0.0
        },
        "natural_gas": {
          "heating": 3740920.4358222256,
          "cooling": 0.0,
          "interior_lighting": 0.0,
          "exterior_lighting": 0.0,
          "interior_equipment": 0.0,
          "exterior_equipment": 0.0,
          "fans": 0.0,
          "pumps": 0.0,
          "heat_rejection": 0.0,
          "humidification": 0.0,
          "heat_recovery": 0.0,
          "water_systems": 461861.80455747637,
          "refrigeration": 0.0,
          "generators": 0.0
        },
        "additional_fuel": {
          "heating": 0.0,
          "cooling": 0.0,
          "interior_lighting": 0.0,
          "exterior_lighting": 0.0,
          "interior_equipment": 0.0,
          "exterior_equipment": 0.0,
          "fans": 0.0,
          "pumps": 0.0,
          "heat_rejection": 0.0,
          "humidification": 0.0,
          "heat_recovery": 0.0,
          "water_systems": 0.0,
          "refrigeration": 0.0,
          "generators": 0.0
        },
        "district_cooling": {
          "heating": 0.0,
          "cooling": 0.0,
          "interior_lighting": 0.0,
          "exterior_lighting": 0.0,
          "interior_equipment": 0.0,
          "exterior_equipment": 0.0,
          "fans": 0.0,
          "pumps": 0.0,
          "heat_rejection": 0.0,
          "humidification": 0.0,
          "heat_recovery": 0.0,
          "water_systems": 0.0,
          "refrigeration": 0.0,
          "generators": 0.0
        },
        "district_heating": {
          "heating": 0.0,
          "cooling": 0.0,
          "interior_lighting": 0.0,
          "exterior_lighting": 0.0,
          "interior_equipment": 0.0,
          "exterior_equipment": 0.0,
          "fans": 0.0,
          "pumps": 0.0,
          "heat_rejection": 0.0,
          "humidification": 0.0,
          "heat_recovery": 0.0,
          "water_systems": 0.0,
          "refrigeration": 0.0,
          "generators": 0.0
        },
        "water": {
          "heating": 0.0,
          "cooling": 0.0,
          "interior_lighting": 0.0,
          "exterior_lighting": 0.0,
          "interior_equipment": 0.0,
          "exterior_equipment": 0.0,
          "fans": 0.0,
          "pumps": 0.0,
          "heat_rejection": 4266124.858530241,
          "humidification": 0.0,
          "heat_recovery": 0.0,
          "water_systems": 1606350.977335807,
          "refrigeration": 0.0,
          "generators": 0.0
        }
      },
      "energy_production": {
        "electricity_produced": {
          "photovoltaic": 0.0
        }
      },
      "utility_costs": [
        {
        }
      ],
      "comfort_result": {
        "time_setpoint_not_met_during_occupied_cooling": 931.0,
        "time_setpoint_not_met_during_occupied_heating": 1922.0,
        "time_setpoint_not_met_during_occupied_hours": 2853.0
      }
    }
  ],
  "distributed_generation": {
    "solar_pv": {
    },
    "wind": {
    },
    "generator": {
    },
    "storage": {
    }
  }
}
