Time,BUILDING STORY 1 THERMALZONE:BUFFALO NIAGARA INTL AP ANN HTG 99.6% CONDNS DB:Des Heat Load [W],BUILDING STORY 1 THERMALZONE:BUFFALO NIAGARA INTL AP ANN CLG .4% CONDNS DB=>MWB:Des Sens Cool Load [W],BUILDING STORY 1 THERMALZONE:BUFFALO NIAGARA INTL AP ANN HTG 99.6% CONDNS DB:Des Heat Mass Flow [kg/s],BUILDING STORY 1 THERMALZONE:BUFFALO NIAGARA INTL AP ANN CLG .4% CONDNS DB=>MWB:Des Cool Mass Flow [kg/s],BUILDING STORY 2 THERMALZONE:BUFFALO NIAGARA INTL AP ANN HTG 99.6% CONDNS DB:Des Heat Load [W],BUILDING STORY 2 THERMALZONE:BUFFALO NIAGARA INTL AP ANN CLG .4% CONDNS DB=>MWB:Des Sens Cool Load [W],BUILDING STORY 2 THERMALZONE:BUFFALO NIAGARA INTL AP ANN HTG 99.6% CONDNS DB:Des Heat Mass Flow [kg/s],BUILDING STORY 2 THERMALZONE:BUFFALO NIAGARA INTL AP ANN CLG .4% CONDNS DB=>MWB:Des Cool Mass Flow [kg/s],BUILDING STORY 3 THERMALZONE:BUFFALO NIAGARA INTL AP ANN HTG 99.6% CONDNS DB:Des Heat Load [W],BUILDING STORY 3 THERMALZONE:BUFFALO NIAGARA INTL AP ANN CLG .4% CONDNS DB=>MWB:Des Sens Cool Load [W],BUILDING STORY 3 THERMALZONE:BUFFALO NIAGARA INTL AP ANN HTG 99.6% CONDNS DB:Des Heat Mass Flow [kg/s],BUILDING STORY 3 THERMALZONE:BUFFALO NIAGARA INTL AP ANN CLG .4% CONDNS DB=>MWB:Des Cool Mass Flow [kg/s],BUILDING STORY 4 THERMALZONE:BUFFALO NIAGARA INTL AP ANN HTG 99.6% CONDNS DB:Des Heat Load [W],BUILDING STORY 4 THERMALZONE:BUFFALO NIAGARA INTL AP ANN CLG .4% CONDNS DB=>MWB:Des Sens Cool Load [W],BUILDING STORY 4 THERMALZONE:BUFFALO NIAGARA INTL AP ANN HTG 99.6% CONDNS DB:Des Heat Mass Flow [kg/s],BUILDING STORY 4 THERMALZONE:BUFFALO NIAGARA INTL AP ANN CLG .4% CONDNS DB=>MWB:Des Cool Mass Flow [kg/s],BUILDING STORY 5 THERMALZONE:BUFFALO NIAGARA INTL AP ANN HTG 99.6% CONDNS DB:Des Heat Load [W],BUILDING STORY 5 THERMALZONE:BUFFALO NIAGARA INTL AP ANN CLG .4% CONDNS DB=>MWB:Des Sens Cool Load [W],BUILDING STORY 5 THERMALZONE:BUFFALO NIAGARA INTL AP ANN HTG 99.6% CONDNS DB:Des Heat Mass Flow [kg/s],BUILDING STORY 5 THERMALZONE:BUFFALO NIAGARA INTL AP ANN CLG .4% CONDNS DB=>MWB:Des Cool Mass Flow [kg/s],BUILDING STORY 6 THERMALZONE:BUFFALO NIAGARA INTL AP ANN HTG 99.6% CONDNS DB:Des Heat Load [W],BUILDING STORY 6 THERMALZONE:BUFFALO NIAGARA INTL AP ANN CLG .4% CONDNS DB=>MWB:Des Sens Cool Load [W],BUILDING STORY 6 THERMALZONE:BUFFALO NIAGARA INTL AP ANN HTG 99.6% CONDNS DB:Des Heat Mass Flow [kg/s],BUILDING STORY 6 THERMALZONE:BUFFALO NIAGARA INTL AP ANN CLG .4% CONDNS DB=>MWB:Des Cool Mass Flow [kg/s]
01:00:00,0.000000E+00,2.293834E+04,0.000000E+00,1.614599E+00,0.000000E+00,5.888345E+04,0.000000E+00,4.145288E+00,5.976622E+03,6.420012E+04,2.403259E-01,4.519988E+00,1.019928E+04,6.328295E+04,4.121861E-01,4.455504E+00,0.000000E+00,5.868440E+04,0.000000E+00,4.131390E+00,2.052139E+05,3.551638E+04,8.242816E+00,2.500797E+00
02:00:00,0.000000E+00,2.304501E+04,0.000000E+00,1.622070E+00,0.000000E+00,6.373558E+04,0.000000E+00,4.486290E+00,1.559093E+04,6.904009E+04,6.278398E-01,4.859934E+00,2.277293E+04,7.098757E+04,9.170072E-01,4.997117E+00,0.000000E+00,6.347454E+04,0.000000E+00,4.468085E+00,2.098729E+05,3.698313E+04,8.427886E+00,2.603925E+00
03:00:00,0.000000E+00,2.403617E+04,0.000000E+00,1.691792E+00,0.000000E+00,6.543250E+04,0.000000E+00,4.605662E+00,2.182019E+04,7.182168E+04,8.769235E-01,5.055579E+00,3.033869E+04,7.461550E+04,1.219226E+00,5.252384E+00,4.933642E+03,6.512091E+04,1.990972E-01,4.583938E+00,2.155659E+05,3.766553E+04,8.655022E+00,2.652010E+00
04:00:00,0.000000E+00,2.394074E+04,0.000000E+00,1.685027E+00,0.000000E+00,6.656201E+04,0.000000E+00,4.685086E+00,2.653472E+04,7.365187E+04,1.066342E+00,5.184268E+00,3.539071E+04,7.690841E+04,1.422158E+00,5.413623E+00,8.310490E+03,6.619913E+04,3.340024E-01,4.659780E+00,2.199283E+05,3.741152E+04,8.830144E+00,2.634154E+00
05:00:00,0.000000E+00,2.380781E+04,0.000000E+00,1.675622E+00,2.643869E+03,6.753361E+04,1.064018E-01,4.753417E+00,2.981400E+04,7.513083E+04,1.198016E+00,5.288280E+00,3.884266E+04,7.840743E+04,1.560688E+00,5.519027E+00,1.043442E+04,6.714051E+04,4.193428E-01,4.726000E+00,2.239442E+05,3.735437E+04,8.989305E+00,2.630118E+00
06:00:00,2.534256E+04,0.000000E+00,1.078025E+00,0.000000E+00,4.915876E+04,1.557025E+04,2.068587E+00,9.205034E-01,6.850372E+04,2.194044E+04,2.904532E+00,1.295801E+00,7.876828E+04,2.416041E+04,3.346793E+00,1.429353E+00,5.710263E+04,1.468367E+04,2.412736E+00,8.682827E-01,2.883224E+05,0.000000E+00,1.238318E+01,0.000000E+00
07:00:00,4.832235E+04,1.090903E+05,2.221183E+00,8.093998E+00,6.031544E+04,1.010523E+05,2.784863E+00,7.269718E+00,1.075274E+05,1.274732E+05,5.009545E+00,9.307283E+00,1.216329E+05,1.372661E+05,5.674343E+00,1.006323E+01,7.152608E+04,1.004980E+05,3.310905E+00,7.228175E+00,3.398974E+05,1.037545E+05,1.594952E+01,7.722083E+00
08:00:00,6.633393E+04,1.022534E+05,3.331864E+00,8.540784E+00,1.005789E+05,1.714823E+05,5.067682E+00,1.433406E+01,1.213711E+05,1.878720E+05,6.119438E+00,1.568772E+01,1.322591E+05,1.920268E+05,6.671493E+00,1.603367E+01,1.104352E+05,1.717863E+05,5.564387E+00,1.436129E+01,3.570474E+05,1.637624E+05,1.803219E+01,1.371900E+01
09:00:00,4.179866E+04,8.854796E+04,2.157348E+00,7.729767E+00,9.060628E+04,1.661822E+05,4.675690E+00,1.449825E+01,9.161389E+04,1.683045E+05,4.727832E+00,1.468077E+01,9.789416E+04,1.741056E+05,5.051918E+00,1.518622E+01,9.982007E+04,1.667630E+05,5.150967E+00,1.454971E+01,3.208689E+05,1.570464E+05,1.654947E+01,1.371259E+01
10:00:00,4.283783E+04,8.846106E+04,2.210953E+00,7.725304E+00,9.357806E+04,1.647998E+05,4.828336E+00,1.438972E+01,9.016194E+04,1.662280E+05,4.652495E+00,1.451331E+01,9.309234E+04,1.671092E+05,4.803716E+00,1.459010E+01,1.028206E+05,1.656432E+05,5.304881E+00,1.446413E+01,3.171684E+05,1.656255E+05,1.635256E+01,1.447245E+01
11:00:00,3.980779E+04,8.753125E+04,2.054562E+00,7.644624E+00,8.890727E+04,1.631362E+05,4.587404E+00,1.424719E+01,8.405648E+04,1.636217E+05,4.337364E+00,1.428936E+01,8.425863E+04,1.625061E+05,4.347798E+00,1.419194E+01,9.798986E+04,1.642477E+05,5.055687E+00,1.434497E+01,3.107343E+05,1.713544E+05,1.601823E+01,1.497618E+01
12:00:00,3.938865E+04,8.573955E+04,2.032944E+00,7.488329E+00,8.654023E+04,1.610339E+05,4.465643E+00,1.406446E+01,8.055234E+04,1.599887E+05,4.156664E+00,1.397332E+01,7.945079E+04,1.578249E+05,4.099795E+00,1.378442E+01,9.549837E+04,1.623797E+05,4.927559E+00,1.418266E+01,3.065021E+05,1.738598E+05,1.579905E+01,1.519598E+01
13:00:00,3.919782E+04,8.486854E+04,2.023102E+00,7.412375E+00,8.449460E+04,1.598329E+05,4.360232E+00,1.396016E+01,7.774223E+04,1.576821E+05,4.011688E+00,1.377251E+01,7.592637E+04,1.550166E+05,3.917931E+00,1.353982E+01,9.334648E+04,1.613306E+05,4.816675E+00,1.409164E+01,3.031769E+05,1.764565E+05,1.562721E+01,1.542329E+01
14:00:00,3.908579E+04,8.474057E+04,2.017323E+00,7.401289E+00,8.264313E+04,1.590576E+05,4.264711E+00,1.389274E+01,7.538429E+04,1.562290E+05,3.890006E+00,1.364588E+01,7.331410E+04,1.533375E+05,3.783110E+00,1.339348E+01,9.139849E+04,1.606382E+05,4.716166E+00,1.403145E+01,3.004274E+05,1.783869E+05,1.548531E+01,1.559211E+01
15:00:00,3.901792E+04,8.397590E+04,2.013821E+00,7.334559E+00,8.096540E+04,1.576646E+05,4.178123E+00,1.377113E+01,7.341305E+04,1.541802E+05,3.788274E+00,1.346701E+01,7.136776E+04,1.513244E+05,3.682651E+00,1.321776E+01,8.963340E+04,1.593034E+05,4.625069E+00,1.391492E+01,2.981636E+05,1.774108E+05,1.536853E+01,1.550675E+01
16:00:00,3.897565E+04,8.333683E+04,2.011640E+00,7.278748E+00,7.942219E+04,1.562682E+05,4.098482E+00,1.364915E+01,7.174619E+04,1.522038E+05,3.702251E+00,1.329439E+01,6.989806E+04,1.495211E+05,3.606794E+00,1.306027E+01,8.801033E+04,1.578246E+05,4.541311E+00,1.378572E+01,2.962916E+05,1.735609E+05,1.527196E+01,1.517004E+01
17:00:00,3.894898E+04,8.435627E+04,2.010265E+00,7.367785E+00,7.800292E+04,1.561023E+05,4.025242E+00,1.363465E+01,7.034542E+04,1.519706E+05,3.629961E+00,1.327402E+01,6.879380E+04,1.495401E+05,3.549799E+00,1.306194E+01,8.651804E+04,1.574515E+05,4.464309E+00,1.375312E+01,2.947398E+05,1.700670E+05,1.519190E+01,1.486437E+01
18:00:00,3.893214E+04,8.420004E+04,2.009396E+00,7.354183E+00,7.669445E+04,1.549519E+05,3.957720E+00,1.353420E+01,6.916447E+04,1.506082E+05,3.569015E+00,1.315508E+01,6.795996E+04,1.484435E+05,3.506761E+00,1.296622E+01,8.514272E+04,1.561179E+05,4.393342E+00,1.363667E+01,2.934587E+05,1.643399E+05,1.512581E+01,1.436365E+01
19:00:00,3.892114E+04,7.962177E+04,2.008828E+00,6.954305E+00,7.548496E+04,1.504283E+05,3.895304E+00,1.313910E+01,6.815725E+04,1.444270E+05,3.517034E+00,1.261518E+01,6.732106E+04,1.423675E+05,3.473783E+00,1.243551E+01,8.387189E+04,1.514203E+05,4.327765E+00,1.322634E+01,2.923903E+05,1.515434E+05,1.507070E+01,1.324501E+01
20:00:00,3.891377E+04,6.891137E+04,2.008448E+00,6.018735E+00,7.436491E+04,1.415738E+05,3.837502E+00,1.236562E+01,6.730080E+04,1.317555E+05,3.472833E+00,1.150825E+01,6.683403E+04,1.293700E+05,3.448645E+00,1.130007E+01,8.269547E+04,1.426079E+05,4.267057E+00,1.245650E+01,2.915018E+05,1.340468E+05,1.502487E+01,1.171527E+01
21:00:00,3.890869E+04,6.414541E+04,2.008186E+00,5.602292E+00,7.332615E+04,1.370397E+05,3.783896E+00,1.196946E+01,6.657372E+04,1.253365E+05,3.435309E+00,1.094738E+01,6.646210E+04,1.225756E+05,3.429446E+00,1.070637E+01,8.160484E+04,1.379704E+05,4.210776E+00,1.205128E+01,2.907642E+05,1.233758E+05,1.498681E+01,1.078204E+01
22:00:00,3.890511E+04,6.273560E+04,2.008002E+00,5.479225E+00,7.236238E+04,1.340945E+05,3.734158E+00,1.171227E+01,6.596838E+04,1.219584E+05,3.404068E+00,1.065239E+01,6.618435E+04,1.184700E+05,3.415109E+00,1.034784E+01,8.059330E+04,1.348666E+05,4.158577E+00,1.178023E+01,2.901610E+05,1.155755E+05,1.495570E+01,1.010035E+01
23:00:00,0.000000E+00,3.712160E+03,0.000000E+00,2.617873E-01,0.000000E+00,5.090616E+04,0.000000E+00,3.585856E+00,0.000000E+00,3.954012E+04,0.000000E+00,2.797624E+00,0.000000E+00,3.636764E+04,0.000000E+00,2.575197E+00,0.000000E+00,5.098373E+04,0.000000E+00,3.590977E+00,1.304553E+05,2.142838E+04,5.261357E+00,1.515508E+00
24:00:00,0.000000E+00,2.107480E+04,0.000000E+00,1.491478E+00,0.000000E+00,5.941416E+04,0.000000E+00,4.206403E+00,0.000000E+00,5.829108E+04,0.000000E+00,4.133294E+00,0.000000E+00,5.630460E+04,0.000000E+00,3.993808E+00,0.000000E+00,5.934178E+04,0.000000E+00,4.201166E+00,1.831624E+05,3.324717E+04,7.368736E+00,2.356198E+00
Peak,6.633393E+04,1.090903E+05,3.331864E+00,8.093998E+00,1.005789E+05,1.714823E+05,5.067682E+00,1.433406E+01,1.213711E+05,1.878720E+05,6.119438E+00,1.568772E+01,1.322591E+05,1.920268E+05,6.671493E+00,1.603367E+01,1.104352E+05,1.717863E+05,5.564387E+00,1.436129E+01,3.570474E+05,1.783869E+05,1.803219E+01,1.559211E+01

Peak Vol Flow (m3/s),,,2.838225E+00,6.894815E+00,,,4.316870E+00,1.221037E+01,,,5.212800E+00,1.336347E+01,,,5.683064E+00,1.365817E+01,,,4.739984E+00,1.223356E+01,,,1.536060E+01,1.328203E+01
