{
  "id": "11",
  "name": "Residential 3",
  "directory_name": "/Users/tkwasnik/github/urbanopt-example-geojson-reopt-project/run/baseline_scenario/11",
  "feature_type": "Building",
  "timesteps_per_hour": 1,
  "simulation_status": "Complete",
  "timeseries_csv": {
    "path": "/Users/tkwasnik/github/urbanopt-example-geojson-reopt-project/run/baseline_scenario/11/010_default_feature_reports/default_feature_reports.csv",
    "first_report_datetime": "0",
    "column_names": [
      "Electricity:Facility",
      "ElectricityProduced:Facility",
      "Gas:Facility",
      "DistrictCooling:Facility",
      "DistrictHeating:Facility",
      "District Cooling Chilled Water Rate",
      "District Cooling Mass Flow Rate",
      "District Cooling Inlet Temperature",
      "District Cooling Outlet Temperature",
      "District Heating Hot Water Rate",
      "District Heating Mass Flow Rate",
      "District Heating Inlet Temperature",
      "District Heating Outlet Temperature"
    ]
  },
  "location": {
    "latitude": 42.93,
    "longitude": -78.73,
    "surface_elevation": 215.0
  },
  "program": {
    "floor_area": 32495.276796109145,
    "conditioned_area": 32495.276796109145,
    "unconditioned_area": 0.0,
    "footprint_area": 32495.276796109145,
    "maximum_roof_height": 9.0,
    "maximum_number_of_stories": 3,
    "number_of_residential_units": 1,
    "building_types": [
      {
        "building_type": "MidriseApartment",
        "floor_area": 32495.295766399817,
        "maximum_occupancy": 76.516770427029
      }
    ],
    "window_area": {
      "north_window_area": 1163.0405205254854,
      "south_window_area": 1163.1481596296526,
      "east_window_area": 730.761878190423,
      "west_window_area": 730.761878190423,
      "total_window_area": 3787.712436535984
    },
    "wall_area": {
      "north_wall_area": 3876.9452538905075,
      "south_wall_area": 3876.9452538905075,
      "east_wall_area": 2435.87292730141,
      "west_wall_area": 2435.87292730141,
      "total_wall_area": 12625.636362383835
    },
    "roof_area": {
      "total_roof_area": 10831.765255466604
    },
    "orientation": 0.0,
    "aspect_ratio": 1.5916040653999115
  },
  "construction_costs": [

  ],
  "reporting_periods": [
    {
      "start_date": {
        "month": 1,
        "day_of_month": 1,
        "year": "2018"
      },
      "end_date": {
        "month": 12,
        "day_of_month": 31,
        "year": "2018"
      },
      "total_site_energy": 2312569.5136812595,
      "total_source_energy": 5582206.842770095,
      "net_site_energy": 2312569.5136812595,
      "net_source_energy": 5582206.842770095,
      "electricity": 1476414.7283120542,
      "natural_gas": 836154.7853692054,
      "additional_fuel": 0.0,
      "district_cooling": 0.0,
      "district_heating": 0.0,
      "water": 1814.63,
      "electricity_produced": 1476417.5717634151,
      "end_uses": {
        "electricity": {
          "heating": 0.0,
          "cooling": 122192.58315079285,
          "interior_lighting": 127557.22805176624,
          "exterior_lighting": 72195.23005426538,
          "interior_equipment": 359838.7697269509,
          "exterior_equipment": 0.0,
          "fans": 455691.51510423666,
          "pumps": 995.2079763289831,
          "heat_rejection": 0.0,
          "humidification": 0.0,
          "heat_recovery": 0.0,
          "water_systems": 337944.19424771325,
          "refrigeration": 0.0,
          "generators": 0.0
        },
        "natural_gas": {
          "heating": 836154.7853692054,
          "cooling": 0.0,
          "interior_lighting": 0.0,
          "exterior_lighting": 0.0,
          "interior_equipment": 0.0,
          "exterior_equipment": 0.0,
          "fans": 0.0,
          "pumps": 0.0,
          "heat_rejection": 0.0,
          "humidification": 0.0,
          "heat_recovery": 0.0,
          "water_systems": 0.0,
          "refrigeration": 0.0,
          "generators": 0.0
        },
        "additional_fuel": {
          "heating": 0.0,
          "cooling": 0.0,
          "interior_lighting": 0.0,
          "exterior_lighting": 0.0,
          "interior_equipment": 0.0,
          "exterior_equipment": 0.0,
          "fans": 0.0,
          "pumps": 0.0,
          "heat_rejection": 0.0,
          "humidification": 0.0,
          "heat_recovery": 0.0,
          "water_systems": 0.0,
          "refrigeration": 0.0,
          "generators": 0.0
        },
        "district_cooling": {
          "heating": 0.0,
          "cooling": 0.0,
          "interior_lighting": 0.0,
          "exterior_lighting": 0.0,
          "interior_equipment": 0.0,
          "exterior_equipment": 0.0,
          "fans": 0.0,
          "pumps": 0.0,
          "heat_rejection": 0.0,
          "humidification": 0.0,
          "heat_recovery": 0.0,
          "water_systems": 0.0,
          "refrigeration": 0.0,
          "generators": 0.0
        },
        "district_heating": {
          "heating": 0.0,
          "cooling": 0.0,
          "interior_lighting": 0.0,
          "exterior_lighting": 0.0,
          "interior_equipment": 0.0,
          "exterior_equipment": 0.0,
          "fans": 0.0,
          "pumps": 0.0,
          "heat_rejection": 0.0,
          "humidification": 0.0,
          "heat_recovery": 0.0,
          "water_systems": 0.0,
          "refrigeration": 0.0,
          "generators": 0.0
        },
        "water": {
          "heating": 0.0,
          "cooling": 0.0,
          "interior_lighting": 0.0,
          "exterior_lighting": 0.0,
          "interior_equipment": 0.0,
          "exterior_equipment": 0.0,
          "fans": 0.0,
          "pumps": 0.0,
          "heat_rejection": 0.0,
          "humidification": 0.0,
          "heat_recovery": 0.0,
          "water_systems": 1719937.381034155,
          "refrigeration": 0.0,
          "generators": 0.0
        }
      },
      "energy_production": {
        "electricity_produced": {
          "photovoltaic": 0.0
        }
      },
      "utility_costs": [
        {
        }
      ],
      "comfort_result": {
        "time_setpoint_not_met_during_occupied_cooling": 0.0,
        "time_setpoint_not_met_during_occupied_heating": 0.0,
        "time_setpoint_not_met_during_occupied_hours": 0.0
      }
    }
  ],
  "distributed_generation": {
    "solar_pv": {
    },
    "wind": {
    },
    "generator": {
    },
    "storage": {
    }
  }
}
