{
  "SetRunPeriod": {
    "timesteps_per_hour": 1,
    "begin_date": "2018-01-01",
    "end_date": "2018-12-31",
    "applicable": true
  },
  "ChangeBuildingLocation": {
    "weather_file_name": "USA_NY_Buffalo-Greater.Buffalo.Intl.AP.725280_TMY3.epw",
    "climate_zone": "6A",
    "set_year": 0,
    "use_upstream_args": true,
    "applicable": true
  },
  "CreateBarFromBuildingTypeRatios": {
    "bldg_type_a": "Hospital",
    "bldg_type_a_num_units": 0,
    "bldg_type_b": "SmallOffice",
    "bldg_type_b_fract_bldg_area": 0.0,
    "bldg_type_b_num_units": 0,
    "bldg_type_c": "SmallOffice",
    "bldg_type_c_fract_bldg_area": 0.0,
    "bldg_type_c_num_units": 0,
    "bldg_type_d": "SmallOffice",
    "bldg_type_d_fract_bldg_area": 0.0,
    "bldg_type_d_num_units": 0,
    "single_floor_area": 95657.0,
    "total_bldg_floor_area": 10000.0,
    "floor_height": 10.0,
    "num_stories_above_grade": 3.0,
    "num_stories_below_grade": 0,
    "building_rotation": 0.0,
    "template": "90.1-2004",
    "ns_to_ew_ratio": 0.0,
    "wwr": 0.0,
    "party_wall_fraction": 0.0,
    "party_wall_stories_north": 0,
    "party_wall_stories_south": 0,
    "party_wall_stories_east": 0,
    "party_wall_stories_west": 0,
    "bottom_story_ground_exposed_floor": true,
    "top_story_exterior_exposed_roof": true,
    "story_multiplier": "None",
    "bar_division_method": "Multiple Space Types - Individual Stories Sliced",
    "make_mid_story_surfaces_adiabatic": false,
    "use_upstream_args": true,
    "party_wall_fraction_actual": 0.0,
    "applicable": true
  },
  "create_typical_building_from_model 1": {
    "template": "90.1-2004",
    "system_type": "Inferred",
    "hvac_delivery_type": "Forced Air",
    "htg_src": "NaturalGas",
    "clg_src": "Electricity",
    "kitchen_makeup": "Adjacent",
    "exterior_lighting_zone": "3 - All Other Areas",
    "add_constructions": true,
    "add_space_type_loads": true,
    "add_elevators": true,
    "add_exterior_lights": true,
    "onsite_parking_fraction": 1.0,
    "add_exhaust": true,
    "add_swh": true,
    "add_thermostat": true,
    "add_hvac": false,
    "remove_objects": true,
    "use_upstream_args": true,
    "enable_dst": true,
    "applicable": true
  },
  "BlendedSpaceTypeFromModel": {
    "blend_method": "Building Story",
    "applicable": true
  },
  "UrbanGeometryCreation": {
    "geojson_file": "/Users/tkwasnik/github/urbanopt-example-geojson-reopt-project/example_project.json",
    "feature_id": "9",
    "surrounding_buildings": "ShadingOnly",
    "applicable": true
  },
  "create_typical_building_from_model 2": {
    "template": "90.1-2004",
    "system_type": "Inferred",
    "hvac_delivery_type": "Forced Air",
    "htg_src": "NaturalGas",
    "clg_src": "Electricity",
    "kitchen_makeup": "Adjacent",
    "exterior_lighting_zone": "3 - All Other Areas",
    "add_constructions": false,
    "add_space_type_loads": false,
    "add_elevators": false,
    "add_exterior_lights": false,
    "onsite_parking_fraction": 1.0,
    "add_exhaust": false,
    "add_swh": false,
    "add_thermostat": true,
    "add_hvac": true,
    "remove_objects": false,
    "use_upstream_args": false,
    "enable_dst": true,
    "applicable": true
  },
  "DefaultFeatureReports": {
    "feature_id": "9",
    "feature_name": "Hospital 2",
    "feature_type": "Building",
    "reporting_frequency": "Hourly",
    "applicable": true
  }
}