Time,BUILDING STORY 1 THERMALZONE:BUFFALO NIAGARA INTL AP ANN HTG 99.6% CONDNS DB:Des Heat Load [W],BUILDING STORY 1 THERMALZONE:BUFFALO NIAGARA INTL AP ANN CLG .4% CONDNS DB=>MWB:Des Sens Cool Load [W],BUILDING STORY 1 THERMALZONE:BUFFALO NIAGARA INTL AP ANN HTG 99.6% CONDNS DB:Des Heat Mass Flow [kg/s],BUILDING STORY 1 THERMALZONE:BUFFALO NIAGARA INTL AP ANN CLG .4% CONDNS DB=>MWB:Des Cool Mass Flow [kg/s],BUILDING STORY 2 THERMALZONE:BUFFALO NIAGARA INTL AP ANN HTG 99.6% CONDNS DB:Des Heat Load [W],BUILDING STORY 2 THERMALZONE:BUFFALO NIAGARA INTL AP ANN CLG .4% CONDNS DB=>MWB:Des Sens Cool Load [W],BUILDING STORY 2 THERMALZONE:BUFFALO NIAGARA INTL AP ANN HTG 99.6% CONDNS DB:Des Heat Mass Flow [kg/s],BUILDING STORY 2 THERMALZONE:BUFFALO NIAGARA INTL AP ANN CLG .4% CONDNS DB=>MWB:Des Cool Mass Flow [kg/s],BUILDING STORY 3 THERMALZONE:BUFFALO NIAGARA INTL AP ANN HTG 99.6% CONDNS DB:Des Heat Load [W],BUILDING STORY 3 THERMALZONE:BUFFALO NIAGARA INTL AP ANN CLG .4% CONDNS DB=>MWB:Des Sens Cool Load [W],BUILDING STORY 3 THERMALZONE:BUFFALO NIAGARA INTL AP ANN HTG 99.6% CONDNS DB:Des Heat Mass Flow [kg/s],BUILDING STORY 3 THERMALZONE:BUFFALO NIAGARA INTL AP ANN CLG .4% CONDNS DB=>MWB:Des Cool Mass Flow [kg/s],BUILDING STORY 4 THERMALZONE:BUFFALO NIAGARA INTL AP ANN HTG 99.6% CONDNS DB:Des Heat Load [W],BUILDING STORY 4 THERMALZONE:BUFFALO NIAGARA INTL AP ANN CLG .4% CONDNS DB=>MWB:Des Sens Cool Load [W],BUILDING STORY 4 THERMALZONE:BUFFALO NIAGARA INTL AP ANN HTG 99.6% CONDNS DB:Des Heat Mass Flow [kg/s],BUILDING STORY 4 THERMALZONE:BUFFALO NIAGARA INTL AP ANN CLG .4% CONDNS DB=>MWB:Des Cool Mass Flow [kg/s],BUILDING STORY 5 THERMALZONE:BUFFALO NIAGARA INTL AP ANN HTG 99.6% CONDNS DB:Des Heat Load [W],BUILDING STORY 5 THERMALZONE:BUFFALO NIAGARA INTL AP ANN CLG .4% CONDNS DB=>MWB:Des Sens Cool Load [W],BUILDING STORY 5 THERMALZONE:BUFFALO NIAGARA INTL AP ANN HTG 99.6% CONDNS DB:Des Heat Mass Flow [kg/s],BUILDING STORY 5 THERMALZONE:BUFFALO NIAGARA INTL AP ANN CLG .4% CONDNS DB=>MWB:Des Cool Mass Flow [kg/s],BUILDING STORY 6 THERMALZONE:BUFFALO NIAGARA INTL AP ANN HTG 99.6% CONDNS DB:Des Heat Load [W],BUILDING STORY 6 THERMALZONE:BUFFALO NIAGARA INTL AP ANN CLG .4% CONDNS DB=>MWB:Des Sens Cool Load [W],BUILDING STORY 6 THERMALZONE:BUFFALO NIAGARA INTL AP ANN HTG 99.6% CONDNS DB:Des Heat Mass Flow [kg/s],BUILDING STORY 6 THERMALZONE:BUFFALO NIAGARA INTL AP ANN CLG .4% CONDNS DB=>MWB:Des Cool Mass Flow [kg/s]
01:00:00,0.000000E+00,2.293727E+04,0.000000E+00,1.614524E+00,0.000000E+00,5.776211E+04,0.000000E+00,4.066349E+00,5.976622E+03,6.398941E+04,2.403259E-01,4.505154E+00,1.019928E+04,6.325553E+04,4.121861E-01,4.453574E+00,0.000000E+00,5.756278E+04,0.000000E+00,4.052429E+00,2.052139E+05,3.538210E+04,8.242816E+00,2.491340E+00
02:00:00,0.000000E+00,2.304357E+04,0.000000E+00,1.621969E+00,0.000000E+00,6.261629E+04,0.000000E+00,4.407505E+00,1.559093E+04,6.885473E+04,6.278398E-01,4.846888E+00,2.277293E+04,7.096480E+04,9.170072E-01,4.995515E+00,0.000000E+00,6.235516E+04,0.000000E+00,4.389291E+00,2.098729E+05,3.686496E+04,8.427886E+00,2.595602E+00
03:00:00,0.000000E+00,2.403488E+04,0.000000E+00,1.691701E+00,0.000000E+00,6.437288E+04,0.000000E+00,4.531081E+00,2.182019E+04,7.166852E+04,8.769235E-01,5.044800E+00,3.033869E+04,7.459815E+04,1.219226E+00,5.251163E+00,4.933642E+03,6.406128E+04,1.990972E-01,4.509352E+00,2.155659E+05,3.756827E+04,8.655022E+00,2.645161E+00
04:00:00,0.000000E+00,2.393954E+04,0.000000E+00,1.684942E+00,0.000000E+00,6.555454E+04,0.000000E+00,4.614178E+00,2.653472E+04,7.352457E+04,1.066342E+00,5.175310E+00,3.539071E+04,7.689486E+04,1.422158E+00,5.412669E+00,8.310490E+03,6.519171E+04,3.340024E-01,4.588872E+00,2.199283E+05,3.733072E+04,8.830144E+00,2.628463E+00
05:00:00,0.000000E+00,2.380668E+04,0.000000E+00,1.675543E+00,2.643869E+03,6.657750E+04,1.064018E-01,4.686125E+00,2.981400E+04,7.502507E+04,1.198016E+00,5.280837E+00,3.884266E+04,7.839669E+04,1.560688E+00,5.518271E+00,1.043442E+04,6.618452E+04,4.193428E-01,4.658712E+00,2.239442E+05,3.728729E+04,8.989305E+00,2.625394E+00
06:00:00,2.534256E+04,3.969724E+04,1.078025E+00,2.894840E+00,4.915876E+04,9.391907E+04,2.068587E+00,6.887865E+00,6.850372E+04,1.049522E+05,2.904532E+00,7.698783E+00,7.876828E+04,1.087478E+05,3.346793E+00,7.977766E+00,5.710263E+04,9.372243E+04,2.412736E+00,6.873894E+00,2.883224E+05,6.984838E+04,1.238318E+01,5.120929E+00
07:00:00,4.832235E+04,6.514089E+04,2.221183E+00,5.087445E+00,6.031544E+04,1.273832E+05,2.784863E+00,9.949389E+00,1.075274E+05,1.374755E+05,5.009545E+00,1.073549E+01,1.216329E+05,1.407216E+05,5.674343E+00,1.098835E+01,7.152608E+04,1.273295E+05,3.310905E+00,9.945946E+00,3.398974E+05,1.078891E+05,1.594952E+01,8.439064E+00
08:00:00,6.633393E+04,8.984888E+04,3.331864E+00,7.534243E+00,1.005789E+05,1.586406E+05,5.067682E+00,1.329757E+01,1.213711E+05,1.662093E+05,6.119438E+00,1.392928E+01,1.322591E+05,1.690843E+05,6.671493E+00,1.416937E+01,1.104352E+05,1.589708E+05,5.564387E+00,1.332623E+01,3.570474E+05,1.481866E+05,1.803219E+01,1.244218E+01
09:00:00,4.179866E+04,8.296497E+04,2.157348E+00,7.243038E+00,9.060628E+04,1.544223E+05,4.675690E+00,1.347326E+01,9.161389E+04,1.559319E+05,4.727832E+00,1.360391E+01,9.789416E+04,1.570246E+05,5.051918E+00,1.369891E+01,9.982007E+04,1.550093E+05,5.150967E+00,1.352500E+01,3.208689E+05,1.483160E+05,1.654947E+01,1.295038E+01
10:00:00,4.283783E+04,8.800557E+04,2.210953E+00,7.685989E+00,9.357806E+04,1.596329E+05,4.828336E+00,1.393898E+01,9.016194E+04,1.598375E+05,4.652495E+00,1.395647E+01,9.309234E+04,1.599782E+05,4.803716E+00,1.396872E+01,1.028206E+05,1.604757E+05,5.304881E+00,1.401321E+01,3.171684E+05,1.612451E+05,1.635256E+01,1.409000E+01
11:00:00,3.980779E+04,8.727321E+04,2.054562E+00,7.622927E+00,8.890727E+04,1.586983E+05,4.587404E+00,1.386062E+01,8.405648E+04,1.586868E+05,4.337364E+00,1.385957E+01,8.425863E+04,1.574841E+05,4.347798E+00,1.375459E+01,9.798986E+04,1.598102E+05,5.055687E+00,1.395837E+01,3.107343E+05,1.679590E+05,1.601823E+01,1.467996E+01
12:00:00,3.938865E+04,8.562149E+04,2.032944E+00,7.478540E+00,8.654023E+04,1.571488E+05,4.465643E+00,1.372584E+01,8.055234E+04,1.560810E+05,4.156664E+00,1.363273E+01,7.945079E+04,1.545202E+05,4.099795E+00,1.349651E+01,9.549837E+04,1.584946E+05,4.927559E+00,1.384403E+01,3.065021E+05,1.711648E+05,1.579905E+01,1.496083E+01
13:00:00,3.919782E+04,8.479779E+04,2.023102E+00,7.406354E+00,8.449460E+04,1.563596E+05,4.360232E+00,1.365700E+01,7.774223E+04,1.545413E+05,4.011688E+00,1.349840E+01,7.592637E+04,1.527298E+05,3.917931E+00,1.334033E+01,9.334648E+04,1.578574E+05,4.816675E+00,1.378847E+01,3.031769E+05,1.742945E+05,1.562721E+01,1.523445E+01
14:00:00,3.908579E+04,8.469519E+04,2.017323E+00,7.397321E+00,8.264313E+04,1.559025E+05,4.264711E+00,1.361717E+01,7.538429E+04,1.537115E+05,3.890006E+00,1.342603E+01,7.331410E+04,1.517859E+05,3.783110E+00,1.325802E+01,9.139849E+04,1.574832E+05,4.716166E+00,1.375589E+01,3.004274E+05,1.766520E+05,1.548531E+01,1.544050E+01
15:00:00,3.901792E+04,8.395352E+04,2.013821E+00,7.332584E+00,8.096540E+04,1.547740E+05,4.178123E+00,1.351868E+01,7.341305E+04,1.521664E+05,3.788274E+00,1.329116E+01,7.136776E+04,1.502669E+05,3.682651E+00,1.312544E+01,8.963340E+04,1.564130E+05,4.625069E+00,1.366247E+01,2.981636E+05,1.760261E+05,1.536853E+01,1.538577E+01
16:00:00,3.897565E+04,8.332100E+04,2.011640E+00,7.277364E+00,7.942219E+04,1.536032E+05,4.098482E+00,1.341642E+01,7.174619E+04,1.505746E+05,3.702251E+00,1.315214E+01,6.989806E+04,1.487875E+05,3.606794E+00,1.299625E+01,8.801033E+04,1.551598E+05,4.541311E+00,1.355301E+01,2.962916E+05,1.724484E+05,1.527196E+01,1.507286E+01
17:00:00,3.894898E+04,8.434416E+04,2.010265E+00,7.366736E+00,7.800292E+04,1.536336E+05,4.025242E+00,1.341907E+01,7.034542E+04,1.506579E+05,3.629961E+00,1.315941E+01,6.879380E+04,1.490346E+05,3.549799E+00,1.301783E+01,8.651804E+04,1.549832E+05,4.464309E+00,1.353756E+01,2.947398E+05,1.691754E+05,1.519190E+01,1.478647E+01
18:00:00,3.893214E+04,8.419152E+04,2.009396E+00,7.353445E+00,7.669445E+04,1.526606E+05,3.957720E+00,1.333410E+01,6.916447E+04,1.495499E+05,3.569015E+00,1.306267E+01,6.795996E+04,1.480927E+05,3.506761E+00,1.293560E+01,8.514272E+04,1.538270E+05,4.393342E+00,1.343660E+01,2.934587E+05,1.636247E+05,1.512581E+01,1.430117E+01
19:00:00,3.892114E+04,7.961574E+04,2.008828E+00,6.953780E+00,7.548496E+04,1.483045E+05,3.895304E+00,1.295363E+01,6.815725E+04,1.435804E+05,3.517034E+00,1.254126E+01,6.732106E+04,1.421270E+05,3.473783E+00,1.241451E+01,8.387189E+04,1.492969E+05,4.327765E+00,1.304089E+01,2.923903E+05,1.509744E+05,1.507070E+01,1.319531E+01
20:00:00,3.891377E+04,6.890699E+04,2.008448E+00,6.018352E+00,7.436491E+04,1.396139E+05,3.837502E+00,1.219446E+01,6.730080E+04,1.310830E+05,3.472833E+00,1.144953E+01,6.683403E+04,1.292054E+05,3.448645E+00,1.128571E+01,8.269547E+04,1.406483E+05,4.267057E+00,1.228536E+01,2.915018E+05,1.335974E+05,1.502487E+01,1.167601E+01
21:00:00,3.890869E+04,6.414197E+04,2.008186E+00,5.601991E+00,7.332615E+04,1.352225E+05,3.783896E+00,1.181076E+01,6.657372E+04,1.247951E+05,3.435309E+00,1.090009E+01,6.646210E+04,1.224605E+05,3.429446E+00,1.069632E+01,8.160484E+04,1.361535E+05,4.210776E+00,1.189259E+01,2.907642E+05,1.230161E+05,1.498681E+01,1.075062E+01
22:00:00,3.890511E+04,6.273274E+04,2.008002E+00,5.478976E+00,7.236238E+04,1.324051E+05,3.734158E+00,1.156473E+01,6.596838E+04,1.215207E+05,3.404068E+00,1.061416E+01,6.618435E+04,1.183887E+05,3.415109E+00,1.034074E+01,8.059330E+04,1.331774E+05,4.158577E+00,1.163269E+01,2.901610E+05,1.152864E+05,1.495570E+01,1.007509E+01
23:00:00,0.000000E+00,3.711126E+03,0.000000E+00,2.617143E-01,0.000000E+00,4.965796E+04,0.000000E+00,3.499945E+00,0.000000E+00,3.927339E+04,0.000000E+00,2.778973E+00,0.000000E+00,3.632536E+04,0.000000E+00,2.572226E+00,0.000000E+00,4.973627E+04,0.000000E+00,3.505133E+00,1.304553E+05,2.126031E+04,5.261357E+00,1.503466E+00
24:00:00,0.000000E+00,2.107260E+04,0.000000E+00,1.491319E+00,0.000000E+00,5.818618E+04,0.000000E+00,4.120019E+00,0.000000E+00,5.801848E+04,0.000000E+00,4.114071E+00,0.000000E+00,5.626333E+04,0.000000E+00,3.990897E+00,0.000000E+00,5.811368E+04,0.000000E+00,4.114772E+00,1.831624E+05,3.307262E+04,7.368736E+00,2.343804E+00
Peak,6.633393E+04,8.984888E+04,3.331864E+00,7.534243E+00,1.005789E+05,1.596329E+05,5.067682E+00,1.393898E+01,1.213711E+05,1.662093E+05,6.119438E+00,1.392928E+01,1.322591E+05,1.690843E+05,6.671493E+00,1.416937E+01,1.104352E+05,1.604757E+05,5.564387E+00,1.401321E+01,3.570474E+05,1.766520E+05,1.803219E+01,1.544050E+01

Peak Vol Flow (m3/s),,,2.838225E+00,6.417992E+00,,,4.316870E+00,1.187382E+01,,,5.212800E+00,1.186556E+01,,,5.683064E+00,1.207008E+01,,,4.739984E+00,1.193706E+01,,,1.536060E+01,1.315289E+01
