{
  "id": "12",
  "name": "Mall 1",
  "directory_name": "/Users/tkwasnik/github/urbanopt-example-geojson-reopt-project/run/baseline_scenario/12",
  "feature_type": "Building",
  "timesteps_per_hour": 1,
  "simulation_status": "Complete",
  "timeseries_csv": {
    "path": "/Users/tkwasnik/github/urbanopt-example-geojson-reopt-project/run/baseline_scenario/12/010_default_feature_reports/default_feature_reports.csv",
    "first_report_datetime": "0",
    "column_names": [
      "Electricity:Facility",
      "ElectricityProduced:Facility",
      "Gas:Facility",
      "DistrictCooling:Facility",
      "DistrictHeating:Facility",
      "District Cooling Chilled Water Rate",
      "District Cooling Mass Flow Rate",
      "District Cooling Inlet Temperature",
      "District Cooling Outlet Temperature",
      "District Heating Hot Water Rate",
      "District Heating Mass Flow Rate",
      "District Heating Inlet Temperature",
      "District Heating Outlet Temperature"
    ]
  },
  "location": {
    "latitude": 42.93,
    "longitude": -78.73,
    "surface_elevation": 215.0
  },
  "program": {
    "floor_area": 374214.77273510105,
    "conditioned_area": 374214.77273510105,
    "unconditioned_area": 0.0,
    "footprint_area": 374214.77273510105,
    "maximum_roof_height": 9.0,
    "maximum_number_of_stories": 3,
    "number_of_residential_units": 1,
    "building_types": [
      {
        "building_type": "StripMall",
        "floor_area": 374214.7775093396,
        "maximum_occupancy": 2993.7182200747166
      }
    ],
    "window_area": {
      "north_window_area": 1449.7910940266324,
      "south_window_area": 1449.7910940266324,
      "east_window_area": 6751.339891568672,
      "west_window_area": 6751.339891568672,
      "total_window_area": 16402.26197119061
    },
    "wall_area": {
      "north_wall_area": 4832.565220685997,
      "south_wall_area": 4832.780498894331,
      "east_wall_area": 22504.430425527516,
      "west_wall_area": 22504.53806463168,
      "total_wall_area": 54674.314209739525
    },
    "roof_area": {
      "total_roof_area": 124738.25916977988
    },
    "orientation": 0.0,
    "aspect_ratio": 0.21473839281016677
  },
  "construction_costs": [

  ],
  "reporting_periods": [
    {
      "start_date": {
        "month": 1,
        "day_of_month": 1,
        "year": "2018"
      },
      "end_date": {
        "month": 12,
        "day_of_month": 31,
        "year": "2018"
      },
      "total_site_energy": 36158938.794816956,
      "total_source_energy": 83784417.46044518,
      "net_site_energy": 36158938.794816956,
      "net_source_energy": 83784417.46044518,
      "electricity": 21405729.321264833,
      "natural_gas": 14753218.95172333,
      "additional_fuel": 0.0,
      "district_cooling": 0.0,
      "district_heating": 0.0,
      "water": 13674.76,
      "electricity_produced": 21405726.477813475,
      "end_uses": {
        "electricity": {
          "heating": 0.0,
          "cooling": 3874524.7371015907,
          "interior_lighting": 10077106.319630362,
          "exterior_lighting": 1963137.7759353488,
          "interior_equipment": 2224725.8229706218,
          "exterior_equipment": 0.0,
          "fans": 1755944.9534348578,
          "pumps": 905449.695035312,
          "heat_rejection": 209505.49627405562,
          "humidification": 0.0,
          "heat_recovery": 0.0,
          "water_systems": 395334.5208826847,
          "refrigeration": 0.0,
          "generators": 0.0
        },
        "natural_gas": {
          "heating": 14753218.95172333,
          "cooling": 0.0,
          "interior_lighting": 0.0,
          "exterior_lighting": 0.0,
          "interior_equipment": 0.0,
          "exterior_equipment": 0.0,
          "fans": 0.0,
          "pumps": 0.0,
          "heat_rejection": 0.0,
          "humidification": 0.0,
          "heat_recovery": 0.0,
          "water_systems": 0.0,
          "refrigeration": 0.0,
          "generators": 0.0
        },
        "additional_fuel": {
          "heating": 0.0,
          "cooling": 0.0,
          "interior_lighting": 0.0,
          "exterior_lighting": 0.0,
          "interior_equipment": 0.0,
          "exterior_equipment": 0.0,
          "fans": 0.0,
          "pumps": 0.0,
          "heat_rejection": 0.0,
          "humidification": 0.0,
          "heat_recovery": 0.0,
          "water_systems": 0.0,
          "refrigeration": 0.0,
          "generators": 0.0
        },
        "district_cooling": {
          "heating": 0.0,
          "cooling": 0.0,
          "interior_lighting": 0.0,
          "exterior_lighting": 0.0,
          "interior_equipment": 0.0,
          "exterior_equipment": 0.0,
          "fans": 0.0,
          "pumps": 0.0,
          "heat_rejection": 0.0,
          "humidification": 0.0,
          "heat_recovery": 0.0,
          "water_systems": 0.0,
          "refrigeration": 0.0,
          "generators": 0.0
        },
        "district_heating": {
          "heating": 0.0,
          "cooling": 0.0,
          "interior_lighting": 0.0,
          "exterior_lighting": 0.0,
          "interior_equipment": 0.0,
          "exterior_equipment": 0.0,
          "fans": 0.0,
          "pumps": 0.0,
          "heat_rejection": 0.0,
          "humidification": 0.0,
          "heat_recovery": 0.0,
          "water_systems": 0.0,
          "refrigeration": 0.0,
          "generators": 0.0
        },
        "water": {
          "heating": 0.0,
          "cooling": 0.0,
          "interior_lighting": 0.0,
          "exterior_lighting": 0.0,
          "interior_equipment": 0.0,
          "exterior_equipment": 0.0,
          "fans": 0.0,
          "pumps": 0.0,
          "heat_rejection": 10973580.186536307,
          "humidification": 0.0,
          "heat_recovery": 0.0,
          "water_systems": 1987591.4576394325,
          "refrigeration": 0.0,
          "generators": 0.0
        }
      },
      "energy_production": {
        "electricity_produced": {
          "photovoltaic": 0.0
        }
      },
      "utility_costs": [
        {
        }
      ],
      "comfort_result": {
        "time_setpoint_not_met_during_occupied_cooling": 448.0,
        "time_setpoint_not_met_during_occupied_heating": 694.0,
        "time_setpoint_not_met_during_occupied_hours": 1142.0
      }
    }
  ],
  "distributed_generation": {
    "solar_pv": {
    },
    "wind": {
    },
    "generator": {
    },
    "storage": {
    }
  }
}
